date,eurosuper_usd_t,gazole_usd_t,fioul_domestique_usd_t,brent_date_usd_t,n_notes,n_independent_geometries,cross_checked,evidence_class,spread_eurosuper_usd_t,spread_gazole_usd_t,spread_fioul_domestique_usd_t,spread_brent_date_usd_t
2022-07-01,1414.6217821361515,1268.8563458823082,1286.5248836100468,899.5839073725732,1,1,False,single_geometry_oldest,,,,
2022-07-08,1296.2425793603034,1201.7159025169021,1211.4335982671587,859.8296974851613,1,1,False,single_geometry_oldest,,,,
2022-07-15,1215.8507326990934,1162.8451195158773,1176.096522811681,826.2594758024578,1,1,False,single_geometry_oldest,,,,
2022-07-22,1158.4279850839425,1126.6246171740136,1121.3240558556918,859.8296974851613,1,1,False,single_geometry_oldest,,,,
2022-07-29,1152.2439968792337,1101.0052374687925,1099.238383696019,812.1246456202674,1,1,False,single_geometry_oldest,,,,
2022-08-05,1097.4715299232448,1064.7847351269284,1056.8338931494463,785.6218390286593,1,1,False,single_geometry_oldest,,,,
2022-08-12,1034.7987196584666,1013.5377325165371,1016.9146699906305,779.5860413417256,2,2,True,cross_checked,0.10099733738707073,0.01648639989991807,0.3300265428086959,0.2963810355482792
2022-08-19,1031.171941610031,1063.754976340461,1070.0671378454538,736.2614727850671,2,2,True,cross_checked,0.0851436683888096,0.29266380016042604,0.0363171995918492,0.22307878815047388
2022-08-26,1024.8875401688538,1155.8026404307082,1135.2609673701306,734.5730040480205,2,2,True,cross_checked,0.2859701413253788,0.049872011852585274,0.3958373355039839,0.37984885960543124
2022-09-02,956.3167731700839,1146.141301515438,1117.185044833443,729.97707134389,2,2,True,cross_checked,0.3870901374954201,0.1625856818243392,0.5562468193722907,0.022252315213904694
2022-09-09,927.8535677369549,1109.5382346322688,1087.0474796253227,680.4087235263889,3,3,True,cross_checked,0.6316365783251285,0.37123646849659053,0.22325114198815754,0.20792904891300168
2022-09-16,922.5436715745192,1057.223829762735,1036.515074762547,689.2824125024805,3,3,True,cross_checked,0.18756667329660104,0.6543084667475796,0.46592358136399525,0.369485230813666
2022-09-23,917.5907087690102,1004.9793896613057,979.0918555919826,673.2175874975193,3,3,True,cross_checked,0.7930754728179181,0.7264617475025261,0.20739747298887323,0.4575980337782539
2022-09-30,905.320760562405,1012.6625488301,982.6260346929442,647.8739287342128,3,3,True,cross_checked,0.951784878464423,0.6746777109154891,0.34263536744276735,0.34921573748079027
2022-10-07,996.4848101336559,1070.0852964452497,1048.174048958768,694.7884365829991,3,3,True,cross_checked,0.3189982777946625,0.2910823745050948,0.4922753278390246,0.43687977346098705
2022-10-14,1061.3437596173849,1176.9799496980681,1146.1660356435807,719.8280141448959,3,3,True,cross_checked,0.1923318813635433,0.3628753545847303,0.1625856818243392,0.7620539623667355
2022-10-21,1002.869624811301,1290.2973255606107,1140.8926621037067,683.4990755006944,3,3,True,cross_checked,0.07705648051774006,0.6908695326380894,0.2658442857884893,0.48457072125131617
2022-10-28,1009.2544394889464,1243.1975786735472,1118.673775196531,693.7454428444188,3,3,True,cross_checked,0.16488531675804552,0.5203899968428232,0.6590789671133734,0.602210622189773
2022-11-04,997.6442917615217,1101.0052374687925,1106.3057987871143,713.7009465100217,3,3,True,cross_checked,0.7425613153967561,0.26635542080657615,0.07716716975028248,0.6210617640682585
2022-11-11,1022.0795889718695,1008.2454143981653,1030.3310865578383,725.2676205135939,3,3,True,cross_checked,0.6487689113102988,0.4515765371669431,0.4248082570252336,0.3908643568096295
2022-11-18,961.840250491475,1001.2595411099819,967.5251815884106,701.7284525369614,3,3,True,cross_checked,0.9606481671648908,0.4046112918592826,0.43759488024841176,0.43798768454803394
2022-11-25,872.2862846215432,958.6200830888363,923.828857574916,656.5101694923598,3,3,True,cross_checked,0.2237436644616082,0.2446291748647127,0.5390901416352563,0.21748522667382986
2022-12-02,855.412563053227,946.350134882231,897.8810634597569,632.9945345289173,3,3,True,cross_checked,0.4723941152686848,0.08591976921889,0.3080839671783906,0.5878338014940709
2022-12-09,810.4368624398298,900.0529165675731,839.6491745489187,604.4601364762849,3,3,True,cross_checked,0.37469769249514684,0.4765059491986676,0.24061073110499365,0.33973903127491667
2022-12-16,769.6065375272871,937.8555553545805,877.5621615606275,600.4597397367413,3,3,True,cross_checked,0.3126669536912914,0.3946400920708584,0.11798166128676257,0.5023855876893322
2022-12-23,798.2224343608557,942.1306051822219,883.6822234176087,601.8690466601787,3,3,True,cross_checked,0.5334070981407422,0.4756566615249085,0.4867411594651685,0.3751423137474603
2022-12-30,845.0814220820105,993.2289015963485,933.4677525778926,612.7296879433468,3,3,True,cross_checked,0.6210711341211663,0.03748540142908041,0.4263764716639571,0.34367618204282735
2023-01-06,865.9954875570551,898.7004804861862,888.9827847359296,590.9656834721176,3,3,True,cross_checked,0.11221574597209383,0.38698595873358954,0.29755290840955695,0.4131663670788157
2023-01-13,856.2964878636137,896.9336267134121,901.9806955681685,594.0749250590957,3,3,True,cross_checked,0.7031956146634002,0.656363532024784,0.6332760206531702,0.2604437904128645
2023-01-20,929.7405392426724,944.3161018067462,942.0595015506838,629.0489181668938,4,4,True,cross_checked,0.6874915158811064,0.936330327103974,0.711368700528169,0.42340481312123757
2023-01-27,976.9696207078948,979.8371303457952,982.6154064593375,646.8451603992967,4,4,True,cross_checked,0.9662804081693821,0.692067510740344,0.7392335135414214,0.5449812013224573
2023-02-03,945.408678960961,893.2253657618317,893.5522779142649,623.8135800397786,4,4,True,cross_checked,0.5124245521664079,0.6158599619401457,0.22706739772456785,0.48441501521404007
2023-02-10,901.4758365782141,814.6499799043247,822.0277897788591,614.7905386364059,4,4,True,cross_checked,0.6835038875159398,0.7251257036999732,0.45682217303692596,0.42362682111399863
2023-02-17,920.8023457814494,824.2719184459554,837.6815602638428,636.4562408577384,4,4,True,cross_checked,0.47233292826263096,0.6945095986574188,0.785691889807481,0.5712738637148504
2023-02-24,897.607460269166,794.4515867872146,800.3916003738364,612.7384243535779,4,4,True,cross_checked,0.7992753835377471,0.6019032626608123,0.7253477116920521,0.34367618204282735
2023-03-03,905.5443280698435,828.3883984706537,835.0352517596843,621.7948081144787,4,4,True,cross_checked,0.6397371465872084,0.6987639703131663,0.6297680756734962,0.6672236134999139
2023-03-10,912.8256442305303,821.6542493823974,829.9017314469737,626.5795996013267,4,4,True,cross_checked,0.3970262572958063,0.48130690332061477,0.5549283325080978,0.556094122003401
2023-03-17,844.9464312492971,796.0049999593218,795.4485015067246,579.1277477945985,4,4,True,cross_checked,0.675528630785152,0.6949536146413493,0.9122580775280085,0.4990618544263725
2023-03-24,894.2153972371098,785.8660911748065,782.1603845430188,553.049123599839,4,4,True,cross_checked,0.7848038578378009,0.6921165037874744,0.5780260780132949,0.4855250551760264
2023-03-31,947.374748336166,772.499045627749,775.8482230380262,576.7535221834776,4,4,True,cross_checked,0.4905411817018148,0.6874429303353509,0.9759143747384087,0.6580492414979062
2023-04-07,978.988392633195,782.1603845430188,790.1969862560688,634.6089244710536,4,4,True,cross_checked,0.7834718098831672,0.5780260780132949,0.7731330732422066,0.13176433562671264
2023-04-14,991.2280002383827,782.1603845430188,788.1519927686486,655.563616347137,4,4,True,cross_checked,0.4786428074124842,0.5780260780132949,0.542761121398712,0.7152591578025067
2023-04-21,948.7027022212615,751.2380584858192,757.3747245938973,640.634839606307,4,4,True,cross_checked,0.9667244241546769,0.9281600054442833,0.670564967484097,0.653705856031479
2023-04-28,902.0684044277832,710.6543935133495,717.6581090358786,613.405017331136,4,4,True,cross_checked,0.9369963510813477,0.9002951924311446,0.6575843031401973,0.5499940117751976
2023-05-05,865.9484787504766,657.5019256585263,668.1879393571223,570.0779543362255,4,4,True,cross_checked,0.7852478738230957,0.6933757873379136,0.8943137498830538,0.5481188652723858
2023-05-12,862.5806403427905,684.0781595859378,694.710708465659,574.7968527133359,4,4,True,cross_checked,0.47857829660517837,0.23183119340262692,0.43687977346098705,0.41804528497209503
2023-05-19,873.8014859411496,692.5870246182337,694.355955969191,566.7010168621323,4,4,True,cross_checked,0.4500247743011414,0.6661135735386097,0.48330497525205374,0.7470630136346017
2023-05-26,906.7948037323956,692.0510297641615,695.2046936817915,572.2652406192842,4,4,True,cross_checked,0.47011710608717294,0.7868907117439221,0.8793162688740495,0.9117084378555091
2023-06-02,866.9267324725784,681.4681826475284,682.116348364003,557.4079639505383,4,4,True,cross_checked,1.0774045558747503,0.19383006509656298,0.30071838495916836,0.5159191522260471
2023-06-09,885.530096221767,705.2886149374453,708.9680910890557,572.3110765153408,4,4,True,cross_checked,0.703393443797836,0.5795932919029383,0.4390955956359903,0.5159646372038651
2023-06-16,880.140524716741,707.9967701206085,704.3699920721729,555.0139485713379,4,4,True,cross_checked,0.43027740151251237,0.767001155462026,0.8107678963912122,0.4106103644924133
2023-06-23,893.5522779142649,744.9536570446426,736.8812539863129,569.1087996805309,4,4,True,cross_checked,0.8696603979224165,0.35121711663862243,0.4826389512751348,0.880357050603493
2023-06-30,838.6620298081202,704.3873554334504,712.3428622503964,550.0422867635928,4,4,True,cross_checked,0.5860013347447648,0.3580790261812581,0.7232344145332945,0.7354640962644226
2023-07-07,857.774175059704,718.6447380568472,727.3194479511487,568.1118849610205,4,4,True,cross_checked,0.6330553805793215,0.36029484835626135,0.5481674508183687,0.5700022357367516
2023-07-14,880.8057554192221,762.5601060743202,764.5261754495255,596.7011686939918,4,4,True,cross_checked,0.6936215666877388,0.7968597826576342,0.7749764121932685,0.18053513204608862
2023-07-21,910.8138451929972,768.1373264139058,768.8722675793133,594.6881188884322,4,4,True,cross_checked,0.5103689524165702,0.6072864319414748,0.24379407849949075,0.5958732345667386
2023-07-28,988.8998079005144,831.4084737112485,831.2761879240279,621.2643528158442,4,4,True,cross_checked,0.8287608095819223,0.8287122240354847,0.45069079827806036,0.7769216408299826
2023-08-04,1016.1953559092783,905.039064630028,904.1334599709551,637.822118995924,4,4,True,cross_checked,0.5223936230798927,0.6116597323978112,0.8167979244850585,0.48419300722173375
2023-08-11,994.2150546859971,921.2845214472284,922.7368237201433,657.8117536944986,4,4,True,cross_checked,0.607933290754886,0.8757641409966936,0.9302024051729632,0.9130079903993646
2023-08-18,1029.5033893261743,900.229081284361,902.1951506595658,646.8950350616337,4,4,True,cross_checked,0.4090429362095165,0.8605646654140173,0.8386812949494242,0.6948211803706954
2023-08-25,1046.148527310783,917.3276863366216,920.4611461862044,636.2409385165965,4,4,True,cross_checked,0.5044978809814893,0.6962181198796316,0.5304777505276661,0.934092862446164
2023-09-01,1041.8024351809954,931.4290079797186,932.0764942015583,647.9987719663322,4,4,True,cross_checked,0.8805028072413279,0.5104307379832562,0.7537437368101791,0.6218852582309182
2023-09-08,1009.8729801833861,944.4395243052663,948.0663023537022,682.116348364003,4,4,True,cross_checked,0.5088148964701986,0.8446627374977425,0.6457185891355266,0.7881339777239873
2023-09-15,1009.1916403867492,1017.1645105649732,1002.9072389455723,698.3354312053384,4,4,True,cross_checked,0.7651045123710674,0.8327484379470889,0.8307546237645056,0.8764180077838546
2023-09-22,1018.5753786638609,984.5814758345425,994.934368767349,714.031330987443,4,4,True,cross_checked,0.6556876600494661,0.7173501430770557,0.7631106981884841,0.7013510440691562
2023-09-29,1005.8424450663333,976.9696207078948,994.934368767349,714.2365717845682,4,4,True,cross_checked,0.49465847493581805,0.9662804081693821,0.7631106981884841,0.433820660933975
2023-10-06,909.1711061182787,935.9212671465617,953.3391432101191,689.3934063714203,4,4,True,cross_checked,1.0833859984237506,0.8291884790633048,0.5097029284389691,0.6535966747748034
2023-10-13,870.3036699466716,891.8144976629437,910.8138451929972,668.9047219786812,4,4,True,cross_checked,0.8784604075125344,0.7929207398379958,0.5103689524165702,0.6680529002284175
2023-10-20,878.5298790599446,935.0597284048463,936.8396014410357,694.355955969191,4,4,True,cross_checked,0.46568546173693903,0.474548750438089,0.6354739782595971,0.48330497525205374
2023-10-27,895.8829891545731,917.8181146710699,914.7173600066441,678.3286450877456,4,4,True,cross_checked,0.749153998909037,0.7539657448027128,0.4683299573825934,0.6663355815306886
2023-11-03,888.206526027736,909.4487067564373,901.1919066513667,666.4439504924442,4,4,True,cross_checked,0.3868847144585743,0.5959704056587043,0.5409850574598067,0.9161971203474195
2023-11-10,871.1838168775919,866.9267324725784,865.9575778168842,632.1724470249674,4,4,True,cross_checked,0.7242376717298384,0.5899889631099313,0.9222271484412659,0.9778596033751228
2023-11-17,840.8981264656586,844.6858297419158,818.128879571412,618.0841762401068,4,4,True,cross_checked,0.9074902860003249,0.541873089429032,0.5115258722599947,0.826451865507579
2023-11-24,826.3430675001086,864.2691090798371,829.0006908928499,614.2883973571311,4,4,True,cross_checked,1.0495397428627484,0.9441105189056316,0.6954181870668208,0.5322169373563383
2023-12-01,827.7816956628124,856.2962389016136,825.3739128444142,608.6955499334902,4,4,True,cross_checked,0.8724789649648983,0.3890510005650185,0.2517693352307333,0.5978670487492082
2023-12-08,789.8556540830841,811.1166412250136,787.4756313285015,574.0341719702415,4,4,True,cross_checked,0.9779081889211056,0.7371911138128553,0.35719855918694066,0.7288998395698627
2023-12-15,760.4791765352586,774.8790683823315,765.4979404339573,565.5581962919625,4,4,True,cross_checked,0.607776201070692,0.8207369673049243,0.44795888433645814,0.6445776461342803
2023-12-22,790.8121065338363,808.694994948202,793.3921832568979,596.1064274737049,5,5,True,cross_checked,0.33990410601529675,0.6814854035928875,0.4817509193054548,0.595071862632949
2023-12-29,810.4368624398298,791.7820995555787,776.0324675292719,600.6045784750944,5,5,True,cross_checked,0.5820137063795983,0.9560248184565125,0.8035353266675429,0.525880037050797
2024-01-05,798.722115509541,782.0881314831116,760.0024593234383,575.4201621748446,5,5,True,cross_checked,0.7133139291653379,0.5780260780132949,0.8077294847893199,0.3282334118749759
2024-01-12,794.4561078925288,785.9362594521195,774.2377392239614,585.6593870865985,5,5,True,cross_checked,0.6019032626608123,0.6921165037874744,0.6655595598714399,0.5154751362414345
2024-01-19,815.7667946924732,803.1317484936038,786.9477588075009,599.5869397591559,5,5,True,cross_checked,0.8486017803171535,0.8247245956700908,0.7402567911256028,0.7432194738778435
2024-01-26,838.6966074043653,828.9249820558301,814.2582414027994,613.3535961832089,5,5,True,cross_checked,0.6193953956686755,0.6954181870668208,0.7251257036999732,0.2462502675551832
2024-02-02,861.07121883994,870.1765197715388,856.2959899396136,624.9996361499525,5,5,True,cross_checked,0.784212184117905,0.8784604075125344,0.3890510005650185,0.26971624023462937
2024-02-09,844.5817409333251,867.7805394626438,854.2124659403656,605.3836245165359,5,5,True,cross_checked,1.0077668161164866,0.7451663705434157,0.5112569843864776,0.796811197111424
2024-02-16,891.6330653950907,903.2109957124003,876.5613344491842,631.2689532888767,5,5,True,cross_checked,0.6377433324047388,0.5107462174170223,0.9679877035533764,0.42690857367256285
2024-02-23,887.0861949902616,881.031942758448,840.3066911056844,638.8241479302458,5,5,True,cross_checked,0.5499332850018845,0.5919827772924009,0.6743976504459397,0.5799713066504637
2024-03-01,895.1667729406385,861.6264201162571,822.7257682569106,631.0221339109474,5,5,True,cross_checked,0.7427239514915982,0.8108164819365129,0.6058908910264336,0.667504788508154
2024-03-08,913.8708602176864,846.6262207750052,839.2518086806817,643.0991977578865,5,5,True,cross_checked,0.7073810721630025,0.4984678528863924,0.7411787421782492,0.42318280512893125
2024-03-15,904.2658781374023,840.0514749650257,832.9709794773559,632.2437844744068,5,5,True,cross_checked,0.8167979244850585,0.6428161552820484,0.7552977927572329,0.8286676876823549
2024-03-22,947.1032186865218,863.9447091864743,849.2925233790847,644.8877974325994,6,6,True,cross_checked,0.9779567744668611,0.510646950834257,0.8611589644584683,0.7277897996081037
2024-03-29,981.6613847184248,841.4829510953914,828.9249820558301,642.1247784324408,7,7,True,cross_checked,0.6840662113401095,0.582650329111857,0.7818746871679423,0.55006288461243
2024-04-05,987.9306532448202,872.903082788461,867.3393675033481,671.5828864855255,8,8,True,cross_checked,1.1609989949132569,0.541429073444192,0.7798954122231407,0.42273878914409124
2024-04-12,989.7111388871183,858.0529904830225,853.6386155088726,689.60520279043,8,8,True,cross_checked,0.7665211182976464,0.41142932251591446,0.7431725563609461,0.8995697822086868
2024-04-19,991.0924449791544,819.775139700082,815.711650805893,679.7911746935713,8,8,True,cross_checked,0.9660584001774168,0.664115501606716,0.4888411744026371,0.5261633777541874
2024-04-26,964.6899994698688,795.3395347789154,792.1371735744318,661.0160890625142,9,9,True,cross_checked,0.783693817876042,0.9704665922216691,0.7086175233544054,0.9945136690481604
2024-05-03,963.9601459992497,781.890262030594,775.3155162206145,652.4183445417722,9,9,True,cross_checked,1.1132446256184494,0.695175622633883,0.48702314648664924,0.535854862764154
2024-05-10,898.3820947872239,767.1347366713967,762.5246432687036,622.4926763587218,9,9,True,cross_checked,0.5594410870405682,0.5458481531761663,0.7564078327194466,0.5532892939818339
2024-05-17,895.2160973334353,765.3030206417601,756.5135631822545,613.9813690372781,9,9,True,cross_checked,0.8366351753683148,0.6185412337339358,0.7215823895149924,0.5914997432945484
2024-05-24,900.0112554742904,769.7522697660171,758.426522980726,606.9008735496083,9,9,True,cross_checked,0.9209914469009846,1.0415644861312785,0.818179783856749,0.7745363691860803
2024-05-31,878.4451456776283,767.2579036702946,755.6195214487514,605.8858290442066,9,9,True,cross_checked,0.9461043330883285,0.627077479460695,0.5521550791837626,0.8467468902882729
2024-06-07,845.432511550705,730.84937207267,725.4086979640529,576.3890097747143,9,9,True,cross_checked,0.6348263191129035,0.7562682928368076,0.7833899783634024,0.8750236009121863
2024-06-14,846.7176975511012,760.9129085923535,760.1120555104111,599.854192204559,9,9,True,cross_checked,0.8331396939813658,0.818743153122,0.8676843136200887,0.7936170104679832
2024-06-21,861.2079875752268,793.6876703942517,796.7222913911496,630.3295684025959,9,9,True,cross_checked,0.7713219464634449,0.5325153064505912,0.735197299629931,0.8948609715283737
2024-06-28,877.4769511141382,796.5954435356226,802.625998815913,648.9843312868468,9,9,True,cross_checked,0.6898048317809753,0.8216883383190634,0.7413086680163588,1.6730076190746104
2024-07-05,884.0051806725444,808.887571549208,817.3348089313681,658.0078515435919,8,8,True,cross_checked,0.8804542216956861,0.7590744842769936,0.8360383049923712,0.848553194771398
2024-07-12,887.1436257769328,793.5989300375625,793.885045318666,653.0882144350367,8,8,True,cross_checked,0.695037603946389,0.9341414479921468,0.47667424432961525,0.7194104528604157
2024-07-19,880.1534511836292,777.5076073075984,771.7698446010158,648.6216933453529,8,8,True,cross_checked,0.7767257839140029,0.954031004274043,1.0196811156666854,0.5384095155319528
2024-07-26,858.3323580377548,758.337232723379,749.7410281942654,624.4763424036855,8,8,True,cross_checked,1.0097606302991835,0.7946333515675406,0.7872005224297709,0.675708085370502
2024-08-02,852.7557807751978,746.9408152998815,733.148189905975,606.4029409648913,8,8,True,cross_checked,0.6646744150567656,0.8195165954347203,0.8595920643399495,0.42877147323304143
2024-08-09,815.7507118412493,725.2021222633866,711.8153838749481,587.2931431158072,8,8,True,cross_checked,0.7997090324208784,0.9085959370339651,0.8961383008489747,0.8385841238576859
2024-08-16,833.1377433539224,738.2001326245025,728.2807961953787,617.8558562623648,7,7,True,cross_checked,0.8611274509249824,0.4002106632487994,0.8242860848047258,0.5194451017887332
2024-08-23,792.9340080418872,705.9554380931481,691.1176137848056,598.6767994744988,7,7,True,cross_checked,0.5241414105882995,0.4913530762640903,0.5533845418042347,0.7722015524219614
2024-08-30,783.4612355072056,706.6082200736616,687.3150723024311,606.410758057865,7,7,True,cross_checked,0.7875188068355783,0.6868262506474139,0.9168764803370095,0.42877147323304143
2024-09-06,739.6900709033263,686.6867832203316,663.5111314540795,575.4606475468815,8,7,True,cross_checked,0.7067167312399079,0.6177546414918424,0.740008111686052,0.5242566072781756
2024-09-13,689.2081262314291,655.3025799711377,631.1728375341243,539.2589704982311,8,6,True,cross_checked,0.6596247616514574,0.7715170318516584,0.6060135577259871,0.9670278686438678
2024-09-20,718.8227619332007,665.4314890288725,638.842551398295,558.6646606232121,8,6,True,cross_checked,0.6029222196746105,0.6803316324962907,0.7857737757838095,1.1386444785339336
2024-09-27,719.0828244424245,675.4427915824557,664.0825626624629,561.9755677537622,8,6,True,cross_checked,0.8302594646843318,0.7471316495393694,0.9664070650999292,0.8555832250337971
2024-10-04,727.1470617081732,684.36094437111,681.1717089967456,557.52243549489,8,6,True,cross_checked,0.7019956246116408,0.89696059294306,0.9277023368922528,0.6663687595695365
2024-10-11,754.1955293758865,717.0736482734944,715.1801914306409,593.7478868454789,8,6,True,cross_checked,0.7488322729122956,0.6978565521922064,0.6579189988400458,0.8365642831985269
2024-10-18,766.3954565092446,679.884554767234,673.6691303369796,570.5249686001698,8,6,True,cross_checked,0.7296053130307882,0.6468808314712078,0.9632022297995491,0.3990193367919801
2024-10-25,753.1962435611554,669.9979191813801,663.441854250456,555.7713115370136,8,6,True,cross_checked,0.8424152492164012,1.100109125194649,0.8495271413535193,0.6926972807112861
2024-11-01,719.0250711289696,669.0674542401125,662.5068063318765,547.4951971907869,8,6,True,cross_checked,0.5229474371359402,0.5423751879019392,0.9341248957825883,0.7527867701280684
2024-11-08,722.8659037096232,691.9816628862936,682.8476708094238,566.850293039292,8,6,True,cross_checked,0.6848280081057965,0.5172232628760867,0.9727348805350857,0.6776815270939096
2024-11-15,706.6907515782066,673.7101238221244,667.858702428724,547.4951971907869,8,6,True,cross_checked,0.732579788269959,0.7774022934913773,0.9128254890803191,0.7527867701280684
2024-11-22,714.3920803918544,694.1578113157518,685.498670154343,557.45016080813,8,6,True,cross_checked,0.6518004862257385,0.6053809771487977,0.7486544491006271,0.8609193119476686
2024-11-29,714.0743372228626,695.9984927570301,682.0950273004397,559.3414039326402,8,6,True,cross_checked,0.8402580509673498,0.7736516493694126,0.8431045824636385,0.6973148310753459
2024-12-06,707.0285452788469,675.2901789713821,663.1905546152515,555.2203621032386,8,6,True,cross_checked,0.5762844066679236,0.6990723884251793,0.6910748483155658,0.7843382155371046
2024-12-13,717.0736482734944,679.0963046478198,658.7502392355708,551.9808994941866,8,6,True,cross_checked,0.35982661574826125,0.6943479977296647,0.5292594494479772,0.6489397693269439
2024-12-20,720.963708504822,696.7721640256976,677.1488566073419,555.8616776622778,8,6,True,cross_checked,0.6610639558266485,0.5631686682144164,0.9223581398158558,0.6156294454905265
2024-12-27,717.1073911639207,689.2955490457664,669.646277947576,547.2204686339348,8,6,True,cross_checked,0.6717720802051872,0.8110993152088213,0.7007640706463008,0.6647325430443516
2025-01-03,728.8581247921513,707.0285452788469,687.3068554902418,560.3374752158442,8,6,True,cross_checked,1.0556145763614495,0.5762844066679236,0.9168764803370095,0.5181656849397314
2025-01-10,743.9408714352942,716.1599034242803,702.9885836204005,581.5733815484909,8,6,True,cross_checked,0.5416711883638072,0.29025128019554813,0.9224484533042414,0.8042445272196801
2025-01-17,766.3295769534685,764.3563907104754,747.5382919391595,616.0000762230702,8,6,True,cross_checked,0.7296053130307882,0.594657314610572,0.5936868439569025,0.5102061539512306
2025-01-24,770.1242876734025,747.5772999306936,723.7290490961622,605.8001240118365,7,5,True,cross_checked,0.5294561277192997,0.4578510193280181,0.42555203596714364,0.43968767577257495
2025-01-31,758.7895289299277,720.9739946520183,692.044977804077,582.7815111098594,7,5,True,cross_checked,0.6843781337867085,0.6610639558266485,0.7552955485898565,0.6246353930719124
2025-02-07,766.1245803161213,716.2882097385935,705.0280740738767,568.9696477228048,7,5,True,cross_checked,0.797405423369355,0.6016303330266055,0.41369325142977686,1.0508354446601516
2025-02-14,766.0114193643097,731.315294261523,717.2645385749331,569.5234082305846,7,5,True,cross_checked,0.797405423369355,0.5997968852769873,0.9994549735415603,0.6879428869608546
2025-02-21,754.2126916565124,742.0131158150647,717.6460593749428,571.3781362691274,7,5,True,cross_checked,0.29025128019554813,0.7321694113869626,0.9994549735415603,0.6757411157551587
2025-02-28,726.3574465171187,720.0466306327469,699.4328844417408,556.9872326362283,7,5,True,cross_checked,0.37082555436950315,0.7456617102557175,0.7888579675784513,0.8923336754190814
2025-03-07,693.3840684347198,691.2870401480034,672.1425819717098,542.6783591810084,7,5,True,cross_checked,0.6823547029454176,0.8398933030184708,0.9309136163378753,0.3473200509454273
2025-03-14,673.4976974186488,678.2115781039985,657.5969186985719,537.3559188362808,7,5,True,cross_checked,0.6803322075049891,0.3470740267995325,0.7835158077098185,0.5977136599143478
2025-03-21,701.476063277771,669.0932989074053,660.5623083616026,540.7751236331713,7,5,True,cross_checked,0.8294532473972822,0.5423751879019392,0.5179196607942913,0.7685577600761917
2025-03-28,737.6665469989036,686.6615259389762,675.2429064275242,554.7112668885552,7,5,True,cross_checked,0.823836905794451,0.6177546414918424,0.5404949464158335,0.5085792292647966
2025-04-04,776.4351035577743,681.7347928800449,675.5331577077197,569.5234082305846,7,5,True,cross_checked,0.7287811451741391,0.6180123335841472,0.6405818597366988,0.6879428869608546
2025-04-11,684.7863239139773,618.0365885128929,611.5510069865134,498.16469284610537,7,5,True,cross_checked,0.6834231349199626,0.7809857841493795,0.7035812287176668,0.5945068301592187
2025-04-18,699.453064567008,627.019977425411,621.4729288203057,506.7624373668476,7,5,True,cross_checked,0.29025128019554813,0.5267131407301804,0.7222650687840542,0.8195211374882092
2025-04-25,722.3740769671549,638.9219995524672,632.8527575586718,511.46791768276216,7,5,True,cross_checked,0.8169507561569844,0.7145873269250842,0.6156952484852809,0.9462343883318454
2025-05-02,698.6181423704959,619.7105843009076,618.0273664588036,484.31543748728336,7,5,True,cross_checked,0.5203079800085106,0.6682400546558256,0.8476704426633432,0.3711581961832735
2025-05-09,689.1533667165953,600.9892370912457,605.2083679850309,462.2394332752977,7,5,True,cross_checked,0.6112966612876107,0.7484965456915234,1.1225880813090043,0.6663820258550004
2025-05-16,716.1633645434274,631.0196847826926,633.6971157840143,490.07269800305414,7,5,True,cross_checked,0.29025128019554813,0.7434795957185543,0.6998305845952473,0.6567481875204066
2025-05-23,717.9016513140085,628.2375927248784,623.5906129134017,493.61294574688907,7,5,True,cross_checked,0.5458432192613145,0.6931767502755974,0.6786478358993691,0.537724118759229
2025-05-30,714.4824465171184,629.1649567441498,616.1818604743501,487.27826179562527,7,5,True,cross_checked,0.6518004862257385,0.9628711112476367,0.950181293006608,0.9227219097222701
2025-06-06,719.0463822713734,630.0923207634212,622.7411543410598,498.20722431067514,7,5,True,cross_checked,0.5229474371359402,0.7768545077336739,0.8646644394128771,1.0423902124683764
2025-06-13,734.5942036608939,653.9235061402377,652.9861699650104,520.6633664893959,7,5,True,cross_checked,0.5346626134220287,0.8673359767460624,0.7865625218532841,0.5503131329871849
2025-06-20,786.8597731512318,758.70566816195,741.3760030759888,579.760074834085,7,5,True,cross_checked,0.5590119108172757,0.5693964614196148,0.6952845588151604,0.49453683004423965
2025-06-27,763.6327395385031,718.011170343676,700.2817349478518,539.029914624296,7,5,True,cross_checked,0.9844264093493393,0.48288938380778745,0.6131719833484794,0.6826270602759905
2025-07-04,725.4086979640529,713.555082497847,704.2814423051334,519.5552702195964,7,5,True,cross_checked,0.7160250860247288,0.6744910785026832,0.5193703189775078,0.546858402946441
2025-07-11,750.5124614735316,765.1972162968499,760.0676059432974,536.5035409071688,7,5,True,cross_checked,0.4822346086343714,0.6286966533223222,0.6738072471554233,0.7837302634283105
2025-07-18,741.3760030759888,747.5772999306936,751.3962750374467,532.5556709290737,7,5,True,cross_checked,0.6952845588151604,0.4578510193280181,0.4814164243015284,0.7674893281016466
2025-07-25,734.3497923276674,746.6510449423367,743.9590362037908,528.1583331656998,7,5,True,cross_checked,1.1622279235093629,0.4524025993731584,0.5416711883638072,0.7176461441765696
2025-08-01,743.977362883275,729.1395385749329,727.244171181548,541.0554724025155,7,5,True,cross_checked,0.5072353410561163,0.5563282838271562,0.539534324416536,0.5126227265321859
2025-08-08,740.5818029485413,682.6618185816955,685.4386327570262,516.0265463930389,7,5,True,cross_checked,0.8813011623286684,0.7867211036311801,0.6283039802891608,0.8163098580430415
2025-08-15,736.514600094817,672.1425819717098,672.46081436971,503.72793930070327,7,5,True,cross_checked,0.7093115264376593,0.9309136163378753,0.6084836781957392,0.8481042012170406
2025-08-22,740.5818029485413,677.3878857462626,670.7764283120416,507.28217605761745,7,5,True,cross_checked,0.8813011623286684,0.6081939602406692,0.29025128019554813,0.7642840321803419
2025-08-29,744.9705355591724,687.5803030692152,682.952069861891,509.24474697794346,7,5,True,cross_checked,0.610193625433908,0.5221833020693794,0.7585068280350242,0.5672896708360327
2025-09-05,760.3068394283769,702.9933123108432,696.8625301509617,505.5966435279323,7,5,True,cross_checked,0.783041537391,0.7050377985422074,0.5631686682144164,0.42686649208627614
2025-09-12,758.6257768568215,705.0280740738767,699.4328844417408,499.69727967403367,7,5,True,cross_checked,0.9650457614422976,0.41369325142977686,0.7888579675784513,0.9319243702537392
2025-09-19,771.0230733094938,716.3371745556612,708.7182824811152,513.8815670743005,7,5,True,cross_checked,0.5081183866109313,1.0840527279706293,0.3617036360486736,0.6434141181625819
2025-09-26,752.5271591268273,719.1192666134755,702.4267142665906,512.9852281812114,7,5,True,cross_checked,0.5223836937547048,0.8302594646843318,0.6674865147160745,0.4573975146486191
2025-10-03,756.3608688645093,705.0280740738767,689.751901250504,511.3043619890606,7,5,True,cross_checked,0.8174143469045703,0.41369325142977686,1.009088811876154,0.7867449482927213
2025-10-10,740.1583877765223,675.6828297155447,666.2595175150057,502.2255784685616,7,5,True,cross_checked,0.6254913574009606,0.8532003369406311,0.6100692823019926,0.8906051215496973
2025-10-17,732.9952504562971,653.972553554868,638.1633443032429,472.37145928387906,7,5,True,cross_checked,0.5988173499349614,0.29025128019554813,0.5285707234111214,0.7109144759768924
2025-10-24,705.0280740738767,672.464363966776,666.2595175150057,467.51336611073054,7,5,True,cross_checked,0.41369325142977686,0.49194250634900527,0.6100692823019926,0.4896548839541879
2025-10-31,732.9672393006006,728.4433189609504,720.0466306327469,488.02489356436854,7,5,True,cross_checked,0.4040594130951831,0.827048185239164,0.7456617102557175,0.8305858059272282
2025-11-07,721.7206264207616,749.1560940674566,726.7635471623065,484.9149839599072,7,5,True,cross_checked,0.5764662013975794,0.7952685594216291,0.9962436940968473,1.1643347140930018
2025-11-14,764.6947729891098,758.0308736807033,741.3404581977661,472.0178447230919,7,5,True,cross_checked,0.9048136409381868,0.6482188380473417,0.5315087450222791,0.5922324035469728
2025-11-21,765.2005226668006,787.7442040395588,761.6602749229654,478.08708671688737,7,5,True,cross_checked,0.4487730734805382,0.5053054035192872,0.356221087097083,0.913752730251872
2025-11-28,705.0280740738767,715.1313045754201,692.0278669981776,481.88036296300925,7,5,True,cross_checked,0.41369325142977686,0.7647737618386827,0.3777219964484857,0.6384986343735477
2025-12-05,711.7003544593042,682.1653487582598,655.7682620228246,479.5690983612584,7,5,True,cross_checked,0.6642752352713615,0.8431045824636385,0.6032649166368174,0.6800423352257212
2025-12-12,690.5105564997289,667.0850851948029,656.0585133030202,473.18706925602646,7,5,True,cross_checked,0.9244910574475398,0.5111361236386074,0.6835429119414584,0.795025491595311
2025-12-19,645.8435987317929,631.682607756453,615.0737642045506,457.5589664319017,7,5,True,cross_checked,0.771351945814331,0.691311847611928,0.6094648777932434,0.39235673210350797
2025-12-26,642.9311147399883,632.7866759309101,619.6670204628352,470.4527557114277,6,4,True,cross_checked,0.3601412346313282,0.29025128019554813,1.0158924738997257,0.7477685008389017
2026-01-02,642.9311147399883,623.3652808631596,611.454674252729,466.7242015435189,6,4,True,cross_checked,0.3601412346313282,0.6105333097673338,0.9334375669421888,0.290251280195605
2026-01-09,628.2692093941017,621.4643610650444,606.6727285162742,467.17108329969994,6,4,True,cross_checked,0.6931767502755974,0.7222650687840542,0.6083964458196078,1.0861595185542683
2026-01-16,645.6220173256734,640.9851972293159,629.0778552359972,499.3317138706624,6,4,True,cross_checked,0.6987525901749905,0.8427021166816075,0.6085789958465284,0.6535369080756936
2026-01-23,643.0462516109462,656.573715488431,644.9606933090132,500.3051263441446,6,4,True,cross_checked,1.0251452091006286,0.7892815201507801,0.8559497002434,0.8756374083910714
2026-01-30,663.3710096481062,679.9393142820677,668.8061178074581,522.3397817838758,6,4,True,cross_checked,0.8495271413535193,0.5797524380272989,0.5837446351850986,0.42900335603394524
2026-02-06,671.7333355053696,685.498670154343,676.542678715005,526.4342866361377,6,4,True,cross_checked,0.9309136163378753,0.7486544491006271,0.6844915668935982,0.7706145249743486
2026-02-13,693.6676821547894,690.1215931321691,671.7333355053696,530.8720010872964,6,4,True,cross_checked,0.5693556978712877,0.6190807655582375,0.9309136163378753,0.618834741411888
2026-02-20,689.5977596236474,694.869237576799,689.2081262314291,533.4368303882034,6,4,True,cross_checked,1.009088811876154,0.9152203716761278,0.45037199551120466,0.3487941026569388
2026-02-27,716.2257871410104,738.503544892911,731.3165006848824,537.309057496337,6,4,True,cross_checked,0.29025128019554813,0.739239151365382,0.5997968852769873,0.5977136599143478
2026-03-06,782.2439307899082,953.7531457348738,939.5814609208841,603.1083980792863,6,4,True,cross_checked,0.9769760174276598,0.4961842152756617,0.6053384486708637,0.6203203171741052
2026-03-13,916.582051685929,1111.3038806400136,1082.2022397839855,710.0406097001627,6,4,True,cross_checked,0.5090293330545137,0.46022433420739617,0.751205850659062,0.8334707441290448
2026-03-20,1065.863043695715,1291.9947387578386,1220.726522248192,812.6786620434767,6,4,True,cross_checked,0.3817463250404671,0.4517836114932834,0.5937746897293437,0.7135489158067685
2026-03-27,1063.8084305022405,1314.4869669857142,1230.096841232017,829.4755849067722,5,3,True,cross_checked,0.5907709286730096,0.45554207135387514,0.569041340786498,0.8763218657741163
2026-04-03,1098.5548907849288,1415.3341533209355,1390.9922946412626,925.8310767857337,4,2,True,cross_checked,1.0368830489389893,0.480411353566069,1.2176152994670701,0.4158635071265735
2026-04-10,1057.6071336475372,1383.7490171508737,1346.6544563800178,948.8152921125869,3,2,True,cross_checked,0.442896970198035,0.82797357591744,0.30655198243903214,0.6533219119555724
2026-04-17,1057.3168823673416,1260.6998538679734,1216.1863809429462,888.7325685447934,3,2,True,cross_checked,0.5887017257550724,0.6441125375295087,0.5943685820120663,0.29025128019554813
2026-04-24,1062.1254918970014,1199.4938285960604,1145.4858902021963,802.489152511652,3,2,True,cross_checked,0.2902512801956618,0.40067423664049784,0.2902512801956618,0.29025128019554813
2026-05-01,1162.2541421851072,1284.6661927289322,1280.9567366518465,887.7543924807726,2,1,False,single_geometry_newest,0.2902512801956618,0.2902512801956618,0.2902512801956618,0.29025128019554813
2026-05-08,1178.0193305127207,1241.0800838231764,1230.8790796111905,821.9115471125035,2,1,False,single_geometry_newest,0.2902512801956618,0.2902512801956618,0.2902512801956618,0.29025128019554813
2026-05-15,1194.7118828596065,1192.8571548210637,1176.1646024741779,813.5652709390604,2,1,False,single_geometry_newest,0.2902512801956618,0.2902512801956618,0.2902512801956618,0.29025128019554813
2026-05-22,1219.7507113799345,1181.7287865898063,1183.5835146283491,840.4588274979312,2,1,False,single_geometry_newest,0.2902512801956618,0.2902512801956618,0.2902512801956618,0.29025128019554813
2026-05-29,1090.8471127012092,1063.026192123067,1059.3167360459822,754.2139737056907,2,1,False,single_geometry_newest,0.2902512801956618,0.2902512801956618,0.2902512801956618,0.29025128019554813
2026-06-05,1039.8420916412817,1071.37246829651,1057.4620080074394,735.666693320263,2,1,False,single_geometry_newest,0.2902512801956618,0.2902512801956618,0.2902512801956618,0.29025128019554813
2026-06-12,1047.2610037954535,1044.4789117376392,1037.987363602739,716.1920489155634,2,1,False,single_geometry_newest,0.2902512801956618,0.2902512801956618,0.2902512801956618,0.29025128019554813
2026-06-19,968.4350621573842,910.9384929625578,908.1564009047431,619.7461909113379,2,1,False,single_geometry_newest,0.29025128019554813,0.29025128019554813,0.29025128019554813,0.29025128019554813
2026-06-26,950.8151457912275,890.5364845385868,884.044936403687,567.813805832139,2,1,False,single_geometry_newest,0.29025128019554813,0.29025128019554813,0.29025128019554813,0.29025128019554813
2026-07-03,967.5076981381128,914.6479490396434,903.5195808083861,525.1550609456551,2,1,False,single_geometry_newest,0.29025128019554813,0.29025128019554813,0.29025128019554813,0.29025128019554813
2026-07-10,1008.3117149860548,1014.8032631209542,1001.8201668511549,541.8476132925405,2,1,False,single_geometry_newest,0.29025128019554813,0.29025128019554813,0.29025128019554813,0.29025128019554813
2026-07-17,1061.1714640845241,1147.416317876765,1117.74066926008,605.8357306222667,2,1,False,single_geometry_newest,0.2902512801956618,0.2902512801956618,0.2902512801956618,0.29025128019554813
2026-07-24,1161.3267781658358,1247.5716319580754,1205.840251090863,697.6447685301353,2,1,False,single_geometry_newest,0.2902512801956618,0.2902512801956618,0.2902512801956618,0.29025128019554813
2026-07-31,1144.6342258189504,1288.3756488060178,1234.5885356882766,692.0805844145073,2,1,False,single_geometry_newest,0.2902512801956618,0.2902512801956618,0.2902512801956618,0.29025128019554813
2026-08-07,1048.1883678147249,1200.276066975234,1167.8183263007356,672.6059400098077,2,1,False,single_geometry_newest,0.2902512801956618,0.2902512801956618,0.2902512801956618,0.29025128019554813
2026-08-14,1104.7575729902808,1312.4871133070744,1261.482092247147,687.4437643181502,2,1,False,single_geometry_newest,0.2902512801956618,0.2902512801956618,0.2902512801956618,0.29025128019554813
2026-08-21,1162.2541421851072,1363.4921343670005,1261.482092247147,699.4994965686781,2,1,False,single_geometry_newest,0.2902512801956618,0.2902512801956618,0.2902512801956618,0.29025128019554813
2026-08-28,1201.2034309945054,1248.4989959773472,1217.8959833413912,683.7343082410641,2,1,False,single_geometry_newest,0.2902512801956618,0.2902512801956618,0.2902512801956618,0.29025128019554813
2026-09-04,1348.6543100586584,1394.095147002957,1358.8553142706444,719.901504992649,2,1,False,single_geometry_newest,0.2902512801956618,0.2902512801956618,0.2902512801956618,0.29025128019554813
2026-09-11,1316.9788077633327,1462.574958788943,1441.2455863457008,815.2748733375055,1,1,False,single_geometry_newest,,,,
