date,mbr_usd_bbl,mbr_eur_t
2015-01-01,6.987702,45.2530904
2015-02-01,7.0136415,46.3611128
2015-03-01,8.5030584,58.9056648
2015-04-01,7.1349448,49.6568101
2015-05-01,6.8461431,45.7429577
2015-06-01,8.1315025,54.3742617
2015-07-01,6.6306582,45.2089771
2015-08-01,8.0438407,54.2578437
2015-09-01,6.2778901,41.9648747
2015-10-01,4.2544819,28.4229053
2015-11-01,6.6356495,46.3797544
2015-12-01,4.5635692,31.4887817
2016-01-01,4.967507,34.5358073
2016-02-01,3.2492735,22.1149553
2016-03-01,2.9454255,20.0348024
2016-04-01,3.2511372,21.6471235
2016-05-01,3.056653,20.4027448
2016-06-01,3.7117626,24.9568387
2016-07-01,2.3095596,15.75384
2016-08-01,2.3291579,15.5801895
2016-09-01,3.3210216,22.2179101
2016-10-01,5.1661733,35.1643744
2016-11-01,5.9125483,41.0058696
2016-12-01,3.953751,28.1316374
2017-01-01,4.295834920634919,30.343617315314606
2017-02-01,4.741412466666669,33.41138298500697
2017-03-01,3.7886840869565215,26.590237550323458
2017-04-01,5.347353222222221,37.396920057807264
2017-05-01,4.534589777777777,30.80648219525395
2017-06-01,4.843371727272729,32.349848576899426
2017-07-01,5.52913161904762,35.98304640030978
2017-08-01,6.248056939393936,39.69251360349262
2017-09-01,7.244947873015874,45.57954871993261
2017-10-01,5.765571,36.775276387065
2017-11-01,5.291991848484858,33.81968294569059
2017-12-01,3.903910491228076,24.7279096087263
2018-01-01,3.6718368484848556,22.551748711046642
2018-02-01,3.411242833333337,20.698118679194074
2018-03-01,2.9893679365079446,18.17686986911663
2018-04-01,3.536296666666673,21.601281531453957
2018-05-01,4.598641873015885,29.807153291945895
2018-06-01,4.673118285714291,29.980422684510263
2018-07-01,4.817741151515161,30.923454257471953
2018-08-01,6.9920714242424316,45.46693948665232
2018-09-01,3.5985688333333394,23.183232024583624
2018-10-01,3.0363453623188503,19.856497805151374
2018-11-01,6.663979787878793,43.96176275462131
2018-12-01,4.686310823529415,30.88659011671372
2019-01-01,3.2478553636363645,21.327764321645546
2019-02-01,3.8060904166666716,25.144940206048723
2019-03-01,4.22020784126985,28.010766354594335
2019-04-01,3.600821166666678,24.02487384728832
2019-05-01,3.3620298241507514,22.08159212021277
2019-06-01,2.0819344444940313,13.819277425715603
2019-07-01,5.353634641517073,35.81107030186678
2019-08-01,5.93548047191656,39.975878354285705
2019-09-01,4.41119988958728,30.08050656065772
2019-10-01,7.020411817663782,47.636046062275675
2019-11-01,4.8628161612203895,32.97859401938064
2019-12-01,2.682888726641223,18.10597902495969
2020-01-01,4.126333694150759,27.8600018811694
2020-02-01,3.6121822765219997,24.805165793785733
2020-03-01,4.255138736024605,28.8583536216515
2020-04-01,5.58722600983476,38.573901415241764
2020-05-01,-0.18311818117146747,-1.2402135166622623
2020-06-01,-0.2668043555171012,-1.789814350790376
2020-07-01,0.8168520762926029,5.348911193063674
2020-08-01,-0.27106517923433376,-1.7187874025483634
2020-09-01,0.03999816612075116,0.25544826890426703
2020-10-01,1.386919447260071,8.8366060240755
2020-11-01,0.7116026622129394,4.520448802316049
2020-12-01,0.19351636660266544,1.171312081404034
2021-01-01,1.3964702318108422,8.617709008268056
2021-02-01,1.1521824486658283,7.148684082510262
2021-03-01,0.5427848842560128,3.431042721988918
2021-04-01,1.2799816556283088,8.056763466292363
2021-05-01,0.9357688921602298,5.777591395697625
2021-06-01,0.6501706231461198,4.00548553652762
2021-07-01,0.8246798974363077,5.2440356813436
2021-08-01,2.9982403577391317,19.106699473964564
2021-09-01,3.8622814024588936,24.61177633274
2021-10-01,5.123808816706473,33.12131953392158
2021-11-01,3.7162833222860807,24.263468550214352
2021-12-01,3.744608095625609,24.846147413005962
2022-01-01,4.515553070530558,29.930166277375303
2022-02-01,4.3952297012701,29.053123073165988
2022-03-01,12.251836982839473,83.50748562709548
2022-04-01,22.471070272327502,156.1621061853466
2022-05-01,19.790253431133678,140.37953833350662
2022-06-01,20.530615390394516,145.6586341386842
2022-07-01,10.491878362807284,77.25949843638804
2022-08-01,11.168953926407003,83.06564753065183
2022-09-01,15.948063726759237,120.82390706751684
2022-10-01,24.782993377318377,189.177566006239
2022-11-01,10.844404983868394,80.05197367113438
2022-12-01,10.523594916520663,74.45843105953308
2023-01-01,16.6063327118783,115.52277827381361
2023-02-01,10.27692338799938,71.85025894752582
2023-03-01,10.211158382185237,71.50992002235725
2023-04-01,3.7223939098139485,25.475302188930282
2023-05-01,4.758599235714999,32.89219682970016
2023-06-01,7.031188343138226,48.61423676446264
2023-07-01,9.388036130863744,63.60611467598468
2023-08-01,17.562938163471454,120.74556948302629
2023-09-01,15.304263929825916,107.38384962484918
2023-10-01,7.909214053335634,56.15855757876738
2023-11-01,9.779917991671025,67.8007405718828
2023-12-01,9.70234581998228,66.82745393870155
2024-01-01,9.185230809244644,63.187501052025056
2024-02-01,11.727604378494878,81.50610408403689
2024-03-01,10.7565609,74.2093055
2024-04-01,6.1197129,42.7394741
2024-05-01,7.0926545,49.1743156
2024-06-01,5.8539928,40.7791032
2024-07-01,5.0733722,35.1139446
2024-08-01,3.6331323,24.8487752
2024-09-01,3.8978641,26.3124956
2024-10-01,4.4464936,30.6065289
2024-11-01,4.6321938,32.6686468
2024-12-01,4.37776852081401,31.36383648724139
2025-01-01,4.5115972,32.662072
2025-02-01,7.6008551,54.7465839
2025-03-01,4.6292257,32.1614271
2025-04-01,4.4235342,29.4629478
2025-05-01,7.7509807,51.5686782
2025-06-01,7.0553644,45.910051
2025-07-01,10.4201267,66.8978731
2025-08-01,9.2325729,59.5419433
2025-09-01,11.9744027,76.5530405
2025-10-01,11.4492449,73.8538106
2025-11-01,16.46983054976842,106.83274942838469
2025-12-01,9.125355503156985,58.49550818794019
2026-01-01,5.0469461,32.282551
2026-02-01,6.5014935,41.2636274
2026-03-01,24.7157702,160.4422953
2026-04-01,18.6835354,119.7273277
2026-05-01,21.2599188,136.4803841
2026-06-01,20.3038313,132.3978117
2026-07-01,36.6854064,240.9657239
2026-08-01,38.0505047,246.1070213
