date,be_refinobs_crudeoil_kbd,de_refinobs_crudeoil_kbd,fr_refinobs_crudeoil_kbd,nl_refinobs_crudeoil_kbd,gb_refinobs_crudeoil_kbd,nwe5_refinobs_crudeoil_kbd,be_refinobs_totcrude_kbd,de_refinobs_totcrude_kbd,fr_refinobs_totcrude_kbd,nl_refinobs_totcrude_kbd,gb_refinobs_totcrude_kbd,nwe5_refinobs_totcrude_kbd,cells,cells_code_2,cells_code_3,cells_code_4
2002-01-01,635.7219,2208.289,1669.8368,1024.0484,1644.9361,7182.8322,,,,,,,5,0,0,0
2002-02-01,604.8664,2234.65,1627.6121,1076.3586,1680.6121,7224.099200000001,,,,,,,5,0,0,0
2002-03-01,628.8274,2250.5148,1482.1335,1101,1624.9916,7087.4673,,,,,,,5,0,0,0
2002-04-01,678.5313,2191.3907,1619.8147,879.332,1634.672,7003.7407,,,,,,,5,0,0,0
2002-05-01,683.9835,2072.6839,1661.8955,889.7974,1552.9968,6861.357100000001,,,,,,,5,0,0,0
2002-06-01,728.893,2135.7893,1704.3613,939.2753,1578.876,7087.1949,,,,,,,5,0,0,0
2002-07-01,638.8126,2214.3213,1741.0677,879.3794,1617.2084,7090.7894,,,,,,,5,0,0,0
2002-08-01,696.8216,2251.48,1642.8845,961.7768,1615.5058,7168.468699999999,,,,,,,5,0,0,0
2002-09-01,688.8493,2185.4067,1646.6707,1001.4207,1641.7093,7164.056699999999,,,,,,,5,0,0,0
2002-10-01,687.0742,2083.5419,1560.1026,956.0942,1463.7329,6750.545800000001,,,,,,,5,0,0,0
2002-11-01,735.0347,2231.284,1684.9653,963.742,1604.7633,7219.7893,,,,,,,5,0,0,0
2002-12-01,715.6032,2264.5097,1718.6877,991.1368,1633.991,7323.928400000001,,,,,,,5,0,0,0
2003-01-01,710.3729,2255.0994,1704.4897,977.1671,1577.0761,7224.205199999999,,,,,,,5,0,0,0
2003-02-01,705.9407,2274.7214,1777.345,1040.1829,1692.4607,7490.6507,,,,,,,5,0,0,0
2003-03-01,805.9452,2245.689,1641.2,929.8123,1684.0955,7306.742,,,,,,,5,0,0,0
2003-04-01,805.541,2290.376,1572.3193,1024.9087,1646.9873,7340.1323,,,,,,,5,0,0,0
2003-05-01,789.7787,2147.4839,1659.489,1069.509,1685.0684,7351.329,,,,,,,5,0,0,0
2003-06-01,730.367,2142.5213,1689.1927,1033.2273,1630.902,7226.210300000001,,,,,,,5,0,0,0
2003-07-01,762.2006,1966.9987,1833.7161,1082.5316,1486.1097,7131.5567,,,,,,,5,0,0,0
2003-08-01,692.78,2255.8232,1794.2503,1039.6755,1621.1,7403.628999999999,,,,,,,5,0,0,0
2003-09-01,678.2857,2337.7493,1818.4993,1070.906,1464.5193,7369.959599999999,,,,,,,5,0,0,0
2003-10-01,691.1158,2338.5858,1860.1871,944.2555,1426.0329,7260.1771,,,,,,,5,0,0,0
2003-11-01,692.78,2343.2347,1859.5293,926.308,1594.9613,7416.8133,,,,,,,5,0,0,0
2003-12-01,712.5126,2281.4,1879.92,1050.5671,1645.909,7570.3087,,,,,,,5,0,0,0
2004-01-01,710.1352,2281.6413,1796.1755,1148.8284,1603.5877,7540.368100000001,,,,,,,5,0,0,0
2004-02-01,724.039,2295.0703,1859.8552,1151.8738,1596.66,7627.4983,,,,,,,5,0,0,0
2004-03-01,629.3029,2067.6168,1718.2065,1097.4484,1673.6368,7186.2114,,,,,,,5,0,0,0
2004-04-01,706.046,2244,1868.73,1114.7013,1732.4407,7665.918,,,,,,,5,0,0,0
2004-05-01,699.9123,2283.3303,1629.1677,1133.9116,1683.1226,7429.444499999999,,,,,,,5,0,0,0
2004-06-01,678.2857,2253.9733,1640.454,1130.1153,1595.9667,7298.794999999999,,,,,,,5,0,0,0
2004-07-01,742.7058,2386.3613,1812.78,1114.7329,1761.1981,7817.7780999999995,,,,,,,5,0,0,0
2004-08-01,716.0787,2362.9561,1776.2019,1080.1639,1728.3626,7663.763199999999,,,,,,,5,0,0,0
2004-09-01,638.7333,2289.8773,1770.7553,928.2653,1655.03,7282.6612,,,,,,,5,0,0,0
2004-10-01,688.9761,2398.1845,1762.7258,814.9768,1745.6316,7410.4947999999995,,,,,,,5,0,0,0
2004-11-01,660.8433,2236.2707,1707.8427,932.18,1760.59,7297.7267,,,,,,,5,0,0,0
2004-12-01,716.5542,2328.2103,1840.9355,1064.0632,1770.9271,7720.690300000001,,,,,,,5,0,0,0
2005-01-01,668.2926,2368.0232,1812.2987,1086.0832,1666.34,7601.037700000001,,,,,,,5,0,0,0
2005-02-01,688.3054,2332.9586,1720.3293,1052.2414,1599.0186,7392.853300000001,,,,,,,5,0,0,0
2005-03-01,699.6745,2354.7523,1835.4006,984.9806,1644.2065,7519.0145,,,,,,,5,0,0,0
2005-04-01,734.789,2229.04,1790.4,1121.552,1575.106,7450.886999999999,,,,,,,5,0,0,0
2005-05-01,551.0858,2339.0684,1563.9529,1133.9116,1620.6135,7208.6322,,,,,,,5,0,0,0
2005-06-01,482.2437,2307.58,1621.058,1089.0113,1592.6993,7092.5923,,,,,,,5,0,0,0
2005-07-01,536.8213,2300.9445,1758.1535,946.1497,1746.3613,7288.4303,,,,,,,5,0,0,0
2005-08-01,690.4026,2440.169,1777.8865,1041.5697,1690.1761,7640.2038999999995,,,,,,,5,0,0,0
2005-09-01,720.5403,2452.692,1753.846,1068.9487,1711.0773,7707.1043,,,,,,,5,0,0,0
2005-10-01,688.5006,2374.5381,1571.4129,1022.1542,1707.2019,7363.8077,,,,,,,5,0,0,0
2005-11-01,637.9963,2410.056,1858.7833,1088.522,1640.704,7636.0616,,,,,,,5,0,0,0
2005-12-01,675.9003,2414.8335,1821.9245,1048.6729,1682.8794,7644.2106,,,,,,,5,0,0,0
2006-01-01,673.9984,2270.5419,1755.9877,907.5555,1608.6955,7216.779,,,,,,,5,0,0,0
2006-02-01,663.0368,2290.2157,1541.8221,1043.0664,1584.7464,7122.8874,,,,,,,5,0,0,0
2006-03-01,655.93,2063.5148,1569.969,1000.1342,1456.1929,6745.740900000001,,,,,,,5,0,0,0
2006-04-01,714.6443,2302.344,1493.492,880.5553,1522.8287,6913.8643,,,,,,,5,0,0,0
2006-05-01,697.0594,2370.1948,1492.2406,916.5529,1605.7768,7081.824500000001,,,,,,,5,0,0,0
2006-06-01,715.627,2340.492,1636.724,989.6767,1604.0093,7286.5289999999995,,,,,,,5,0,0,0
2006-07-01,668.0548,2366.3342,1717.4845,938.5729,1614.2897,7304.7361,,,,,,,5,0,0,0
2006-08-01,666.3906,2424.9677,1806.0419,983.56,1676.3123,7557.272499999999,,,,,,,5,0,0,0
2006-09-01,627.924,2180.9187,1860.2753,1025.398,1642.7147,7337.2307,,,,,,,5,0,0,0
2006-10-01,654.0281,2188.9858,1739.1426,1016.2348,1349.1735,6947.5648,,,,,,,5,0,0,0
2006-11-01,349.8293,2405.0693,1814.272,1044.9713,1503.7273,7117.869199999999,,,,,,,5,0,0,0
2006-12-01,531.591,2321.9368,1800.9884,1034.2297,1634.7206,7323.4665,,,,,,,5,0,0,0
2007-01-01,639.0503,2263.3032,1793.0471,995.8723,1590.4535,7281.7264,,,,,,,5,0,0,0
2007-02-01,681.4618,2305.4429,1710.205,968.6179,1418.3279,7084.0555,,,,,,,5,0,0,0
2007-03-01,591.7397,2205.8761,1504.2729,883.8781,1494.6226,6680.389399999999,,,,,,,5,0,0,0
2007-04-01,522.0417,2194.1333,1587.488,1005.58,1596.972,6906.215,,,,,,,5,0,0,0
2007-05-01,570.8184,2145.7948,1877.9948,1039.2019,1624.9916,7258.8015000000005,,,,,,,5,0,0,0
2007-06-01,635.294,2289.1293,1562.3727,964.2313,1558.2667,7009.294000000001,,,,,,,5,0,0,0
2007-07-01,655.6923,2307.2181,1791.8439,1023.5748,1545.4568,7323.785900000001,,,,,,,5,0,0,0
2007-08-01,735.8113,2136.1432,1714.3561,1054.1187,1665.6103,7306.0396,,,,,,,5,0,0,0
2007-09-01,719.312,2296.36,1640.2053,1067.97,1572.3413,7296.1886,,,,,,,5,0,0,0
2007-10-01,760.061,2244.9652,1542.5355,1017.4187,1623.7755,7188.7559,,,,,,,5,0,0,0
2007-11-01,749.2833,2214.828,1746.1373,935.3607,1547.7107,7193.32,,,,,,,5,0,0,0
2007-12-01,726.7771,2307.9419,1731.9232,1077.0858,1515.2968,7359.0248,,,,,,,5,0,0,0
2008-01-01,707.0445,2258.4774,1778.3677,1071.4032,1483.4342,7298.727,,,,,,,5,0,0,0
2008-02-01,697.8628,2204.2786,1621.9069,1013.1731,1395.42,6932.6414,,,,,,,5,0,0,0
2008-03-01,653.5526,2349.4439,1471.0639,1025.9426,1508,7008.003000000001,,,,,,,5,0,0,0
2008-04-01,698.1847,2194.8813,1700.134,1046.4393,1593.4533,7233.0926,,,,,,,5,0,0,0
2008-05-01,666.3906,2084.7484,1666.2271,1095.791,1559.8071,7072.9642,,,,,,,5,0,0,0
2008-06-01,631.1177,2109.36,1732.958,1069.1933,1663.0727,7205.7017,,,,,,,5,0,0,0
2008-07-01,648.7977,2254.1342,1715.0781,1043.7006,1589.9671,7251.6777,,,,,,,5,0,0,0
2008-08-01,726.7771,2193.329,1787.2716,1032.3355,1622.5594,7362.2726,,,,,,,5,0,0,0
2008-09-01,671.6527,1957.7653,1765.782,1046.9287,1662.8213,7104.949999999999,,,,,,,5,0,0,0
2008-10-01,708.9465,2264.751,1834.6787,809.531,1558.8342,7176.741400000001,,,,,,,5,0,0,0
2008-11-01,656.667,2290.6253,1728.482,858.2907,1501.7167,7035.7817000000005,,,,,,,5,0,0,0
2008-12-01,681.6061,2203.7045,1657.0826,989.2426,1585.3458,7116.9816,,,,,,,5,0,0,0
2009-01-01,636.2913,2083.0594,1443.149,1002.0284,1550.5645,6715.0926,698.1171,2272.8336,1562.0264,1266.7575,1680.0935,7479.8281,10,0,5,0
2009-02-01,666.5064,2133.1357,1636.6707,1028.6486,1541.1221,7006.083500000001,728.3493,2346.4143,1790.485,1295.1807,1719.2364,7879.6657,10,0,5,0
2009-03-01,617.6116,2150.6206,1448.4432,940.2303,1491.4606,6648.366300000001,694.9535,2370.9496,1674.2626,1240.7658,1627.538,7608.469499999999,10,0,5,0
2009-04-01,644.7957,2211.836,1505.6767,1018.058,1355.692,6736.0584,714.849,2453.3227,1691.17,1201.7013,1469.8654,7530.9084,10,0,5,0
2009-05-01,647.8774,2057,1656.12,991.3735,1346.9845,6699.3554,739.0645,2310.5097,1859.3006,1275.3187,1496.6878,7680.881299999999,10,0,5,0
2009-06-01,610.589,2126.8133,1566.8487,841.164,1452.7067,6598.1217,708.7623,2384.58,1764.7154,1077.594,1577.5934,7513.245099999999,10,0,5,0
2009-07-01,545.9668,2115.3923,1556.9742,886.9561,1499.0006,6604.290000000001,611.612,2365.3213,1753.4709,1189.5206,1629.8458,7549.7706,10,0,5,0
2009-08-01,625.8874,2119.2529,1448.9245,936.2052,1458.6252,6588.895200000001,714.9261,2352.2335,1650.1826,1239.9632,1555.6058,7512.9112000000005,10,0,5,0
2009-09-01,657.501,2046.0293,1402.9773,1081.4267,1524.8393,6712.7736,735.201,2312.4293,1545.4773,1359.05,1614.0126,7566.1702,10,0,5,0
2009-10-01,638.6558,1989.68,1360.3671,957.7516,1380.3065,6326.7609999999995,727.9332,2217.409,1495.7155,1199.5645,1437.2807,7077.9029,10,0,5,0
2009-11-01,666.7857,1947.5427,1335.8373,896.4587,1448.9367,6295.5611,754.8457,2188.536,1502.3373,1187.8954,1498.9167,7132.5311,10,0,5,0
2009-12-01,698.2416,1883.7535,1341.1155,1037.3077,1485.6232,6446.0415,784.4094,2097.16,1501.2897,1243.6723,1584.72,7211.2514,10,0,5,0
2010-01-01,700.3697,1916.569,1237.1568,1046.5419,1392.4677,6293.1051,787.6277,2104.9109,1414.0407,1236.7935,1429.7516,6973.124399999999,10,0,5,0
2010-02-01,758.1314,1835.2714,1303.9014,1076.6207,1375.2421,6349.1669999999995,835.0743,2037.7143,1446.6157,1266.1136,1473.785,7059.3029,10,0,5,0
2010-03-01,645.2765,1758.5239,1446.7587,1095.3174,1399.7645,6345.6410000000005,699.5991,1976.4658,1573.2748,1319.7045,1503.9774,7073.021599999999,10,0,5,0
2010-04-01,606.6797,1894.1853,1459.176,1050.8433,1376.05,6386.9343,657.2464,2104.8386,1657.2493,1286.78,1454.8033,7160.917600000001,10,0,5,0
2010-05-01,598.6955,1926.7032,1349.2974,1026.1794,1446.2206,6347.096100000001,650.4955,2142.4967,1607.1039,1223.9504,1521.9109,7145.9574,10,0,5,0
2010-06-01,654.3247,2020.5973,1339.816,1110.7867,1490.658,6616.182699999999,724.378,2253.944,1579.576,1297.02,1599.458,7454.376,10,0,5,0
2010-07-01,658.5177,1988.2323,1453.7374,1075.9019,1469.3271,6645.716399999999,726.55,2220.7355,1657.118,1281.5503,1574.8303,7460.784100000001,10,0,5,0
2010-08-01,708.1726,2041.3161,1496.3316,1077.3226,1451.0852,6774.228099999998,775.0113,2238.729,1688.2542,1211.4774,1578.3949,7491.8668,10,0,5,0
2010-09-01,671.6723,2049.0213,1506.92,998.974,1432.6,6659.187599999999,749.8656,2264.608,1708.2,1159.0607,1525.48,7407.2143,10,0,5,0
2010-10-01,698.2416,1993.0581,644.6884,976.6935,1406.0884,5718.77,768.8997,2220.7871,786.9594,1167.4225,1554.7852,6498.8539,10,0,5,0
2010-11-01,705.3903,2057,1391.0413,974.2627,1390.1247,6517.819,777.417,2282.4533,1437.6613,1207.3627,1543.818,7248.7123,10,0,5,0
2010-12-01,655.4439,1993.2994,1431.5981,1011.9729,1399.0348,6491.349099999999,725.3858,2168.9897,1612.0626,1227.1697,1493.996,7227.6038,10,0,5,0
2011-01-01,682.3994,1982.2,1424.3787,1020.7335,1476.6239,6586.335500000001,763.0833,2179.1355,1609.8561,1246.4335,1593.7723,7392.280699999999,10,0,5,0
2011-02-01,655.7732,1928.5043,1349.4607,1123.2821,1417.52,6474.540300000001,741.4018,2153.4114,1541.3321,1362.3285,1537.6986,7336.1723999999995,10,0,5,0
2011-03-01,637.9465,1731.7406,1259.5368,1078.98,1385.171,6093.374900000001,709.5594,1985.489,1401.0916,1266.2477,1447.0162,6809.4039,10,0,5,0
2011-04-01,597.395,1847.56,1184.3993,802.7513,1509.7593,5941.8649,654.8683,2076.7133,1377.046,994.1646,1631.206,6733.9982,10,0,5,0
2011-05-01,582.3803,1839.3561,1327.3987,1002.9755,1495.5955,6247.706099999999,648.2642,2081.8851,1534.5987,1222.111,1594.5374,7081.3964,10,0,5,0
2011-06-01,622.317,1786.7227,1346.0327,1038.3653,1453.9633,6247.401,696.0703,2055.836,1557.6727,1168.852,1547.51,7025.941,10,0,5,0
2011-07-01,589.4739,2020.3239,1340.3935,1039.2019,1504.8381,6494.2313,658.9384,2271.2078,1550.6967,1226.8278,1610.2058,7317.876499999999,10,0,5,0
2011-08-01,645.5129,2019.6,1370.2335,1041.8065,1509.2161,6586.369000000001,726.1968,2257.1161,1567.169,1257.9582,1608.5322,7416.972300000001,10,0,5,0
2011-09-01,637.71,1913.8827,1333.5993,1039.0993,1470.3,6394.5913,709.7367,2176.336,1532.166,1231.6226,1537.1067,7186.968,10,0,5,0
2011-10-01,528.4694,2028.0452,1318.2542,969.8271,1388.0897,6232.685600000001,589.3404,2262.4581,1470.0736,1140.1465,1489.6122,6951.630799999999,10,0,5,0
2011-11-01,463.5003,1960.0093,1383.83,965.4547,1454.2147,6227.009,521.467,2196.316,1495.0767,1145.2747,1483.988,6842.1224,10,0,5,0
2011-12-01,553.2968,1946.0065,1405.1271,1026.6529,1455.4632,6386.5465,606.2903,2172.7807,1580.5787,1240.8948,1471.9277,7072.4722,10,0,5,0
2012-01-01,616.4294,1921.3948,1171.9419,1056.7232,1477.3535,6243.842799999999,660.352,2103.769,1378.6645,1288.9877,1546.1728,6977.946,10,0,5,0
2012-02-01,624.5666,1911.269,1093.7903,1096.4441,1499.16,6225.23,667.9459,2164.4,1283.6386,1294.9683,1589.9669,7000.9197,10,0,5,0
2012-03-01,607.2077,1802.4387,1037.9026,1024.7587,1477.3535,5949.6612000000005,655.6658,2050.2193,1192.1091,1219.1877,1559.1535,6676.3354,10,0,5,0
2012-04-01,654.0803,1908.148,1038.6807,1067.4807,1517.2993,6185.688999999999,722.9003,2142.9747,1172.374,1206.8474,1585.3526,6830.4490000000005,10,0,5,0
2012-05-01,680.2713,1875.5497,1031.6458,1094.3703,1441.1129,6122.950000000001,751.6455,2108.5303,1199.4587,1243.6832,1520.5516,6823.869299999999,10,0,5,0
2012-06-01,698.0603,1803.1787,1239.852,1057.694,1429.584,6228.369,775.0203,2056.012,1372.312,1163.2673,1469.464,6836.0756,10,0,5,0
2012-07-01,672.9413,1953.7277,1376.2497,1043.9374,1435.0323,6481.8884,741.6897,2187.1858,1504.4368,1260.4471,1494.1936,7187.9529999999995,10,0,5,0
2012-08-01,627.779,1973.031,1363.7361,1029.4942,1406.3316,6400.3719,714.6693,2226.302,1441.078,1253.5232,1452.7896,7088.3621,10,0,5,0
2012-09-01,603.0147,2035.308,1118.254,1063.566,1314.976,6135.118699999999,690.3347,2287.8947,1211.7407,1277.1793,1362.7093,6829.858699999999,10,0,5,0
2012-10-01,590.4197,2065.4452,1149.5619,722.6348,1027.3858,5555.4474,649.381,2303.9162,1235.7361,900.951,1005.218,6095.2023,10,0,5,0
2012-11-01,640.3977,2071.96,1145.3587,844.5893,1193.3307,5895.636399999999,718.0977,2301.6067,1228.2387,1040.566,1132.4774,6420.986499999999,10,0,5,0
2012-12-01,640.7839,1961.449,1118.5187,997.2929,1304.1768,6022.2213,759.4226,2170.0813,1250.5252,1230.6316,1331.6285,6742.289199999999,10,0,5,0
2013-01-01,624.7052,1928.8748,1061.0045,1020.26,1251.1535,5885.998,766.7697,2138.4619,1172.7206,1266.6084,1375.5857,6720.1463,10,0,5,0
2013-02-01,632.4743,1964.8357,1209.5857,1002.4343,1283.1464,6092.4764,761.0172,2151.4214,1318.4714,1213.8628,1369.875,6814.6478,10,0,5,0
2013-03-01,694.9313,1843.9406,1122.369,936.4419,1256.2613,5853.9441,802.7055,2055.6761,1217.1367,1177.5387,1412.2355,6665.2925000000005,10,0,5,0
2013-04-01,612.788,1699.2067,1201.3087,1029.068,1357.954,5900.3254,716.528,1914.5467,1291.342,1195.568,1488.954,6606.9387,10,0,5,0
2013-05-01,521.3758,1870.7239,1215.98,986.6381,1264.7742,5859.491999999999,641.3113,2103.9433,1293.7994,1142.5155,1393.142,6574.711499999999,10,0,5,0
2013-06-01,580.2917,1959.012,1277.4007,986.2513,1316.9867,6119.9424,689.565,2222.6987,1388.894,1238.468,1438.6934,6978.3191,10,0,5,0
2013-07-01,586.1635,1923.0839,1276.8632,989.0058,1297.1232,6072.2396,691.7054,2185.6645,1376.6438,1239.2929,1429.8458,6923.1524,10,0,5,0
2013-08-01,539.5826,1876.2735,1209.2419,1011.9729,1323.8781,5960.949,659.1503,2107.8219,1288.4935,1241.6116,1445.3297,6742.407,10,0,5,0
2013-09-01,585.667,1861.5227,1061.8067,906.9793,1142.0587,5558.0344000000005,702.5137,2079.3294,1192.54,1110.9726,1284.2387,6369.5944,10,0,5,0
2013-10-01,374.5394,1968.2052,928.8903,762.1761,951.9858,4985.7968,394.5781,2194.0246,1047.9742,1015.5664,1144.3729,5796.516200000001,10,0,5,0
2013-11-01,420.9863,1968.4867,1136.158,919.2127,995.7827,5440.626399999999,479.053,2196.9,1215.138,1073.626,1160.5894,6125.3063999999995,10,0,5,0
2013-12-01,492.7652,1879.6516,960.1742,966.2755,1194.4819,5493.3484,563.4362,2087.0903,1035.0904,1088.4948,1357.4626,6131.574299999999,10,0,5,0
2014-01-01,516.4103,1894.129,1082.4219,1007.9477,1186.2123,5687.1212,599.8619,2092.4967,1193.2929,1210.0154,1356.7607,6452.4276,10,0,5,0
2014-02-01,639.0189,1904.7286,1071.0429,1042.0179,1096.2621,5753.0704,707.2903,2121.9715,1219.2286,1207.4607,1241.1049,6497.0560000000005,10,0,5,0
2014-03-01,688.0742,1809.1948,1040.5497,1003.2123,1190.1039,5731.1349,746.6871,2038.5948,1177.3303,1203.9671,1357.9232,6524.5025000000005,10,0,5,0
2014-04-01,695.617,1946.0467,1081.9487,1010.4733,1170.962,5905.047699999999,783.6704,2175.4467,1202.5687,1230.7466,1319.582,6712.0144,10,0,5,0
2014-05-01,666.7935,1797.1303,1011.9129,978.8245,1141.4587,5596.1199,745.9097,2033.2142,1151.7968,1123.6019,1291.3297,6345.8523000000005,10,0,5,0
2014-06-01,623.2943,1634.1307,1051.6113,901.352,1053.8407,5264.229,733.4009,1884.9907,1149.538,1023.082,1207.0874,5998.099,10,0,5,0
2014-07-01,635.3455,1791.8219,1162.3161,950.1748,1132.7026,5672.3609,729.2229,2047.48,1315.8064,1116.7941,1261.7607,6471.0641000000005,10,0,5,0
2014-08-01,660.1729,1992.8168,1214.7768,975.5097,1137.3239,5980.600100000001,741.431,2236.3007,1361.5833,1154.7807,1256.1819,6750.277599999999,10,0,5,0
2014-09-01,660.1887,1904.1587,1178.4313,1047.6627,1149.5987,5940.0401,703.8754,2147.8654,1300.038,1246.476,1262.312,6660.5668000000005,10,0,5,0
2014-10-01,688.5471,1913.6735,1191.6748,1107.1561,1145.3503,6046.401800000001,729.1923,2127.7961,1282.8619,1208.6077,1231.1374,6579.5954,10,0,5,0
2014-11-01,641.6193,1935.5747,1137.8987,1033.472,1139.7967,5888.3614,716.2393,2145.2414,1244.7054,1252.512,1210.4033,6569.1014,10,0,5,0
2014-12-01,626.8332,1923.0839,1158.2252,987.3484,1168.4568,5863.9475,704.8138,2136.0129,1259.6768,1217.2259,1292.1729,6609.9023,10,0,5,0
2015-01-01,655.9168,1951.3148,1164.7226,1084.6626,1113.2445,5969.8613,734.9233,2129.1535,1212.6774,1247.1045,1275.9671,6599.8258,10,0,5,0
2015-02-01,672.5275,1995.8243,1264.2036,1114.1071,1101.6479,6148.3104,739.5418,2235.0029,1298.0464,1254.8392,1235.8265,6763.2568,10,0,5,0
2015-03-01,633.6903,1788.4439,1297.5587,945.6761,1133.4323,5798.801299999999,709.6,2023.5729,1352.4619,1125.1857,1217.0065,6427.826999999999,10,0,5,0
2015-04-01,682.9117,1881.7187,1191.362,1004.846,1118.936,5879.7744,735.945,2111.8587,1246.122,1148.2827,1225.8626,6468.071,10,0,5,0
2015-05-01,667.9758,2015.0155,1118.5187,1105.0252,1056.8161,5963.3513,714.6597,2240.3574,1175.809,1291.4575,1171.1774,6593.461000000001,10,0,5,0
2015-06-01,608.1457,1960.0093,1020.7767,1077.512,1003.3227,5669.7663999999995,672.7724,2210.376,1094.0367,1244.012,1133.2627,6354.4598000000005,10,0,5,0
2015-07-01,650.9513,1886.649,1106.2458,1079.9271,1216.6155,5940.3886999999995,737.3836,2147.7974,1179.5297,1281.7561,1357.2349,6703.7017,10,0,5,0
2015-08-01,630.1435,1928.151,1091.3258,1043.4639,1214.9129,5907.9971000000005,728.2016,2150.8671,1203.9968,1248.7542,1348.6419,6680.4616000000005,10,0,5,0
2015-09-01,626.9593,1903.1613,1273.6707,1096.596,1200.368,6100.755300000001,702.4726,2122.448,1323.0107,1315.1427,1356.588,6819.662,10,0,5,0
2015-10-01,594.4394,1833.5652,1270.8471,1130.5968,1209.5619,6039.0104,659.3684,2063.2039,1344.0729,1327.2936,1343.1103,6737.0491,10,0,5,0
2015-11-01,634.5337,1890.196,1177.4367,962.5187,1180.2613,5844.9464,681.4004,2130.2027,1223.2567,1169.102,1363.528,6567.4898,10,0,5,0
2015-12-01,667.7394,1941.4219,1094.2135,1100.0529,1172.1052,5975.5329,727.4168,2142.4154,1201.8716,1296.2723,1339.8794,6707.8555,10,0,5,0
2016-01-01,676.961,1918.0168,1154.6155,1110.471,1140.9723,6001.036599999999,733.7739,2148.8491,1260.8413,1264.9161,1274.9723,6683.3526999999995,10,0,5,0
2016-02-01,684.7231,1910.2372,1165.0462,1080.7517,1002.82,5843.5782,731.1645,2142.6993,1279.4255,1228.4965,1161.5372,6543.323,10,0,5,0
2016-03-01,620.2126,1905.2284,1124.0535,1038.0181,942.7432,5630.2558,680.3674,2143.6994,1246.1309,1173.6052,1129.2206,6373.023500000001,10,0,5,0
2016-04-01,590.5537,1774.0067,1200.0653,1073.3527,1063.6427,5701.6211,647.287,2038.68,1330.2587,1244.416,1225.7427,6486.3844,10,0,5,0
2016-05-01,647.641,1827.7742,892.3123,1060.5116,1132.7026,5560.941699999999,693.9507,2078.8968,992.8091,1230.2342,1289.3478,6285.238600000001,10,0,5,0
2016-06-01,688.287,1931.0867,763.4067,1072.374,1112.904,5568.0584,719.6137,2188.6067,790.2201,1305.474,1289.464,6293.3785,10,0,5,0
2016-07-01,677.6703,1980.0284,1205.8729,1040.6226,1085.5168,5989.711,698.438,2221.3639,1312.3374,1204.3774,1251.4652,6687.981900000001,10,0,5,0
2016-08-01,677.9068,2000.7794,1216.2206,1097.2116,1117.8658,6109.984200000001,703.4487,2244.7407,1324.2464,1220.2664,1262.0271,6754.7293,10,0,5,0
2016-09-01,657.7453,1985.192,1202.0547,1133.0513,1125.722,6103.7653,683.1586,2224.212,1304.268,1268.8413,1279.7686,6760.248500000001,10,0,5,0
2016-10-01,568.4297,1948.9019,1232.8252,1097.9219,1108.1368,5956.2155,590.1071,2182.1213,1352.4317,1302.138,1253.4852,6680.2833,10,0,5,0
2016-11-01,528.9817,1934.8267,1321.912,1158.0073,1134.77,6078.4977,535.9551,2175.3267,1405.132,1359.6573,1311.6166,6787.6877,10,0,5,0
2016-12-01,665.8477,1987.5084,1218.8677,1106.6826,1145.5935,6124.4999,704.5187,2217.3858,1360.6806,1327.7278,1293.6774,6903.9902999999995,10,0,5,0
2017-01-01,658.2813,1918.9819,1139.4548,1111.8916,1094.2729,5922.8825,688.12,2120.4529,1238.087,1321.1207,1276.1116,6643.8922,10,0,5,0
2017-02-01,598.7039,1844.3543,1069.4443,1121.185,1029.4793,5663.1668,632.7968,2059.2186,1166.1158,1320.4564,1183.0008,6361.588400000001,10,0,5,0
2017-03-01,706.0445,1840.8039,1047.5284,1132.9645,1093.3,5820.6413,724.4251,2059.9394,1170.1413,1379.5516,1247.3129,6581.3703,10,0,5,0
2017-04-01,672.161,1945.548,1153.0673,1189.3247,1116.4227,6076.5237,722.7277,2152.9947,1274.774,1397.6347,1285.2893,6833.420400000001,10,0,5,0
2017-05-01,660.6458,1744.0465,1106.9677,1125.8613,1080.6523,5718.1736,691.4393,1987.5304,1208.5161,1298.5677,1248.5426,6434.5961,10,0,5,0
2017-06-01,702.4583,1770.7653,1161.2733,1127.424,1131.2513,5893.1722,722.4383,1986.1053,1234.3733,1346.2173,1283.6313,6572.7655,10,0,5,0
2017-07-01,718.1035,1889.5445,1188.0652,1104.0781,1091.8406,5991.6319,740.0648,2109.1574,1296.2007,1329.062,1209.9438,6684.4287,10,0,5,0
2017-08-01,725.4335,1991.1277,1228.9748,960.1194,1150.9445,6056.599899999999,746.6787,2200.9535,1337.1103,1166.2452,1315.6993,6766.687000000001,10,0,5,0
2017-09-01,702.7027,2031.8173,1236.868,1103.936,1150.3527,6225.6767,728.8494,2245.184,1312.5947,1239.726,1292.2127,6818.5668000000005,10,0,5,0
2017-10-01,680.5077,1986.7845,1233.3065,971.7213,1117.6226,5989.942599999999,692.6819,2179.6619,1305.1581,1120.4374,1253.2742,6551.2135,10,0,5,0
2017-11-01,676.559,1925.8507,1251.788,1029.802,1061.8833,5945.883,728.8523,2178.684,1321.348,1120.3287,1211.5967,6560.8097,10,0,5,0
2017-12-01,705.8081,2001.2619,1205.151,1056.0129,1079.9226,6048.156499999999,735.6468,2222.7845,1286.551,1211.7709,1236.9871,6693.7402999999995,10,0,5,0
2018-01-01,641.7297,1949.3845,1166.6477,1175.1103,1048.3032,5981.1754,678.0136,2171.3845,1278.3638,1318.2168,1191.1225,6637.101200000001,10,0,5,0
2018-02-01,641.1132,1928.5043,1172.5521,1184.0993,819.1671,5745.436,675.4703,2169.7972,1266.3735,1371.7421,1023.1385,6506.521599999999,10,0,5,0
2018-03-01,535.3265,1787.72,1028.2768,1052.2245,935.4465,5338.9943,561.3459,2046.0039,1112.5413,1226.8406,1112.6852,6059.4169,10,0,5,0
2018-04-01,505.5257,1833.0987,988.9473,1117.6373,1073.9473,5519.156300000001,511.199,2072.1187,1061.9606,1295.9773,1213.4073,6154.6629,10,0,5,0
2018-05-01,559.9174,1827.0503,781.6155,1086.7935,974.849,5230.2257,582.1174,2075.7858,902.4026,1219.8741,1124.5329,5904.7128,10,0,5,0
2018-06-01,653.3473,1933.8293,1041.6647,1067.97,1070.1773,5766.988600000001,698.2406,2159.036,1129.2314,1260.74,1201.4173,6448.6653,10,0,5,0
2018-07-01,691.8574,1904.5045,1183.7335,1064.0632,1089.4084,5933.567000000001,740.3155,2156.1045,1268.4754,1242.9761,1232.4213,6640.2928,10,0,5,0
2018-08-01,757.3545,1893.1639,1218.8677,1127.9923,1164.8084,6162.1867999999995,776.2126,2117.551,1317.9322,1339.6085,1318.331,6869.6353,10,0,5,0
2018-09-01,728.3577,1554.5933,1236.6193,1001.4207,1155.882,5676.873,756.4777,1797.0666,1322.706,1172.7307,1321.4887,6370.4697,10,0,5,0
2018-10-01,716.6848,1524.9548,1214.7768,982.3761,1145.1071,5583.8996,755.8332,1740.9871,1306.68,1178.4761,1310.1394,6292.1158000000005,10,0,5,0
2018-11-01,778.6903,1685.4933,1090.1547,1015.6113,1110.3907,5680.3403,779.677,1915.3866,1181.668,1169.038,1247.304,6293.0736,10,0,5,0
2018-12-01,746.9506,1745.4942,1130.3103,1172.9794,1152.4039,5948.138400000001,754.5893,1984.92,1198.5813,1356.3084,1313.9071,6608.3061,10,0,5,0
2019-01-01,737.2561,1818.1226,1151.2465,1191.4477,1131.9729,6030.045799999999,750.8626,2080.4645,1241.7175,1303.7606,1286.6633,6663.468500000001,10,0,5,0
2019-02-01,740.33,1736.9629,1168.8221,1116.4664,1089.2607,5851.8421,750.6371,2001.5129,1270.5721,1265.9199,1243.4321,6532.0741,10,0,5,0
2019-03-01,711.01,1732.4645,1038.1432,1162.5613,1019.1161,5663.2951,716.5003,1980.4839,1151.2916,1332.7613,1179.4,6360.437099999999,10,0,5,0
2019-04-01,720.0503,1712.92,1040.67,1089.256,1080.7333,5643.6296,740.5236,1998.3133,1140.8167,1205.9293,1199.0133,6284.5962,10,0,5,0
2019-05-01,678.8526,1652.3561,986.8858,1040.8594,1027.3858,5386.3397,716.8074,1904.1948,1082.131,1249.4917,1178.6697,6131.294600000001,10,0,5,0
2019-06-01,692.9293,1747.328,898.184,959.338,978.9433,5276.7226,732.8893,1985.1147,988.7107,1104.748,1092.15,5903.6127,10,0,5,0
2019-07-01,683.3452,1882.7884,1080.4968,1152.1432,1065.0858,5863.8594,699.8162,2130.3303,1178.3678,1261.2336,1218.0213,6487.769200000001,10,0,5,0
2019-08-01,701.7884,1810.8839,1134.4013,1159.2465,1111.0555,5917.375599999999,716.3497,2067.7355,1226.3045,1334.9368,1217.5974,6562.9239,10,0,5,0
2019-09-01,664.3423,1795.4493,977.7573,1174.1553,1045.2953,5656.9995,689.9956,2057.1626,1070.9973,1339.2986,1240.4153,6397.8694,10,0,5,0
2019-10-01,662.301,1846.8361,828.7819,1189.7903,1122.7303,5650.4396,670.4171,2102.9716,926.8916,1303.058,1277.0077,6280.346,10,0,5,0
2019-11-01,684.8663,1818.388,810.156,1095.6173,1127.4813,5536.508899999999,692.7596,2076.648,881.936,1256.074,1277.1013,6184.518900000001,10,0,5,0
2019-12-01,647.1681,1836.9432,834.5574,1154.0374,1164.0787,5636.7848,665.31,2078.5174,907.1251,1331.2793,1313.0529,6295.2847,10,0,5,0
2020-01-01,683.5816,1854.3161,748.6471,1222.4652,1179.8884,5688.8984,693.3687,2085.6258,850.0987,1349.6975,1242.0949,6220.8856,10,0,5,0
2020-02-01,705.9548,1879.5434,740.3407,1140.9903,1119.04,5585.8692,714.3755,2112.771,857.4648,1305.3213,1184.7434,6174.676,10,0,5,0
2020-03-01,701.5519,1646.0826,475.5148,1022.391,1021.5484,4867.0887,715.1584,1924.6568,619.218,1269.6943,1092.8709,5621.5984,10,0,5,0
2020-04-01,670.2063,1560.0787,500.566,1069.438,826.384,4626.673,672.1796,1737.9254,584.4327,1267.6347,895.3107,5157.4830999999995,10,0,5,0
2020-05-01,643.6213,1764.3148,551.0774,857.5961,825.0219,4641.6314999999995,652.6923,1970.56,628.8968,1032.0928,848.2993,5132.5412,10,0,5,0
2020-06-01,458.858,1743.3387,689.5527,769.7213,774.8607,4436.3314,474.398,1960.1587,797.5927,908.5946,801.5274,4942.2714000000005,10,0,5,0
2020-07-01,481.4155,1743.3226,766.4548,849.5458,864.911,4705.6497,489.5316,1985.1355,881.2742,974.749,936.2142,5266.904500000001,10,0,5,0
2020-08-01,514.0458,1747.9071,711.8284,904.951,836.6968,4715.429099999999,525.5039,1955.5845,809.9381,1088.8768,925.2259,5305.1292,10,0,5,0
2020-09-01,477.916,1663.3027,788.0247,1008.7607,896.2547,4834.2588,478.4093,1912.436,912.098,1105.2074,1017.0947,5425.2454,10,0,5,0
2020-10-01,202.4026,1738.4968,826.3755,956.331,902.3677,4625.9736,215.5316,1979.8323,945.969,1187.4019,1013.4451,5342.1799,10,0,5,0
2020-11-01,428.3163,1676.7667,748.238,1074.3313,866.8487,4794.501,428.8096,1897.78,859.238,1204.5713,999.2687,5389.6676,10,0,5,0
2020-12-01,572.2129,1584.071,541.4516,1024.9955,895.3142,4618.0452,582,1808.4581,656.0322,1225.631,1044.7529,5316.8742,10,0,5,0
2021-01-01,626.3603,1599.9961,545.7832,951.1219,836.4535,4559.715,640.2055,1797.6477,626.2284,1206.0638,919.5632,5189.7086,10,0,5,0
2021-02-01,613.8875,1602.3229,574.42,1150.2829,694.7571,4635.6704,622.0804,1795.2515,608.2486,1294.0543,765.7357,5085.3705,10,0,5,0
2021-03-01,597.2768,1539.6735,610.0355,1123.02,703.8955,4573.9012999999995,626.8768,1808.4606,695.4936,1238.5555,782.2117,5151.5982,10,0,5,0
2021-04-01,556.1027,1719.652,619.4287,1044.7267,902.0353,4841.9454000000005,593.1027,1943.132,687.5087,1192.9734,972.5686,5389.2854,10,0,5,0
2021-05-01,558.0258,1662.249,620.6239,1077.5594,942.9865,4861.444600000001,603.3806,1874.7006,732.8174,1241.911,1008.6897,5461.4992999999995,10,0,5,0
2021-06-01,563.9213,1584.5133,716.4087,982.3367,964.8687,4812.048699999999,609.308,1867.44,747.4887,1130.9534,1082.662,5437.8521,10,0,5,0
2021-07-01,551.4052,1706.4052,788.1129,994.2148,1013.7652,5053.9033,608.2181,1947.502,838.7194,1166.6826,1120.5523,5681.674400000001,10,0,5,0
2021-08-01,569.3755,1811.6077,819.8781,1012.2097,1027.1426,5240.2136,642.4207,2058.9109,861.6523,1271.329,1122.1233,5956.4362,10,0,5,0
2021-09-01,556.5913,1733.6147,748.238,1039.8333,943.254,5021.531300000001,617.518,1974.8547,778.3313,1218.1733,1036.6674,5625.5447,10,0,5,0
2021-10-01,578.8335,1896.0594,720.9729,1126.0981,909.4213,5231.3852,640.898,2130.4723,754.631,1245.6916,1005.4858,5777.1787,10,0,5,0
2021-11-01,603.7477,1926.5987,790.014,1046.684,1038.5093,5405.5536999999995,653.5744,2147.3654,830.2207,1243.524,1161.0026,6035.687099999999,10,0,5,0
2021-12-01,552.1145,1898.9548,779.6903,951.1219,1031.5206,5213.4021,587.921,2137.1871,803.8,1161.6638,1164.5528,5855.1247,10,0,5,0
2022-01-01,566.0652,1713.6439,798.4606,962.0135,1044.6548,5084.838,621.4458,1943.76,826.8671,1182.2232,1182.8097,5757.105799999999,10,0,5,0
2022-02-01,566.2425,1819.2429,784.3657,897.5771,1020.0543,5087.4825,612.2282,2027.5,799.6943,1151.82,1151.2329,5742.4754,10,0,5,0
2022-03-01,454.2235,1716.7806,796.5355,877.9587,1048.7897,4894.2880000000005,468.3074,1973.6322,822.0774,1033.9555,1180.2671,5478.2396,10,0,5,0
2022-04-01,335.9583,1895.9307,825.3247,1019.526,1100.84,5177.5797,342.125,2135.444,841.358,1252.5027,1236.5,5807.9297,10,0,5,0
2022-05-01,516.1739,1799.0606,846.8303,1056.96,1081.8684,5300.8932,531.9287,2028.2219,873.3271,1265.3535,1219.9265,5918.7577,10,0,5,0
2022-06-01,611.322,1914.88,845.218,1105.404,991.51,5468.334000000001,651.282,2153.9,884.9313,1333.694,1070.4966,6094.303900000001,10,0,5,0
2022-07-01,649.2961,1860.831,976.7787,1016.7084,964.3903,5468.0045,662.9026,2102.1665,1013.7787,1264.131,1066.2097,6109.1885,10,0,5,0
2022-08-01,628.4884,1757.5587,1034.2929,1019.0761,1047.5735,5486.989599999999,635.8884,1954.0168,1064.8477,1236.3019,1132.3993,6023.4541,10,0,5,0
2022-09-01,626.2263,1879.9733,877.7933,1043.5033,1037.0013,5464.4975,640.2863,2089.64,900.4866,1174.1133,1135.2213,5939.7475,10,0,5,0
2022-10-01,572.9223,1877.9626,445.9155,1046.0684,1052.9245,4995.7933,598.2255,2105.4529,487.6897,1335.0265,1159.3181,5685.7127,10,0,5,0
2022-11-01,585.1783,1900.4187,890.4753,933.4033,990.2533,5299.7289,598.745,2127.1054,913.9086,1148.99,1106.0199,5894.7689,10,0,5,0
2022-12-01,577.1784,1834.5303,990.0142,1025.7058,1041.7361,5469.1648000000005,603.4365,2061.0658,1022.4787,1308.4574,1120.5813,6116.0197,10,0,5,0
2023-01-01,620.9219,1683.7239,984.72,1071.8768,1037.8445,5399.087100000001,635.9606,1908.5884,1032.9394,1285.7606,1126.6574,5989.9064,10,0,5,0
2023-02-01,617.5525,1668.04,996.7093,1114.8936,1017.9,5415.095399999999,634.7311,1892.4186,1024.9879,1321.9615,1126.25,6000.349099999999,10,0,5,0
2023-03-01,631.3258,1582.6232,519.7935,953.2529,1027.1426,4714.138,634.1903,1830.4038,568.9677,1254.8626,1145.7684,5434.1928,10,0,5,0
2023-04-01,583.7123,1551.6013,664.686,1124.7327,1037.2527,4961.985000000001,618.4923,1765.9546,681.4593,1298.6327,1135.8794,5500.418299999999,10,0,5,0
2023-05-01,580.9616,1542.3277,955.3613,1049.1465,1047.5735,5175.3706,601.0132,1777.218,1002.3871,1275.8014,1111.1993,5767.619000000001,10,0,5,0
2023-06-01,599.3497,1683,988.2013,977.688,944.5107,5192.749699999999,613.903,1920.54,1027.668,1173.1713,1005.8907,5741.173,10,0,5,0
2023-07-01,613.8284,1711.231,1041.7529,984.7439,1002.82,5354.3762,628.151,1911.2697,1061.0884,1224.4084,1069.0652,5893.9827000000005,10,0,5,0
2023-08-01,621.8677,1715.3329,1075.2026,1116.3903,987.0103,5515.8038,638.3387,1938.049,1100.9832,1329.2,1079.9006,6086.4715,10,0,5,0
2023-09-01,592.997,1590.996,1051.6113,1094.8833,895.752,5226.239600000001,607.5503,1820.396,1088.6113,1358.0766,1032.2386,5906.8728,10,0,5,0
2023-10-01,580.0158,1502.5148,953.4361,1145.7503,782.9439,4964.6609,584.3126,1730.96,990.4361,1318.5761,846.5568,5470.841600000001,10,0,5,0
2023-11-01,588.599,1534.6467,963.086,1076.5333,870.6187,5033.4837,606.359,1746.2867,981.586,1222.93,991.5387,5548.700400000001,10,0,5,0
2023-12-01,641.9661,1722.089,948.3826,1133.9116,1008.171,5454.5203,657.7209,1924.2761,969.3891,1274.7503,1116.6871,5942.8235,10,0,5,0
2024-01-01,624.7052,1724.9845,819.8781,1035.8871,973.3897,5178.844599999999,640.9375,1926.4555,854.7297,1265.1678,1049.3509,5736.6414,10,0,5,0
2024-02-01,617.4893,1797.2634,863.0448,1013.6793,963.3,5254.776800000001,628.2065,2052.691,885.2448,1165.2517,1069.831,5801.225,10,0,5,0
2024-03-01,613.5919,1762.1432,795.0916,923.1826,962.931,5056.9403,618.6048,2013.7432,831.1368,1076.1955,1093.6601,5633.3404,10,0,5,0
2024-04-01,644.0627,1809.1627,826.568,814.006,947.5267,5041.3261,644.8027,2095.5427,860.1147,1003.9393,1060.1734,5664.5728,10,0,5,0
2024-05-01,598.459,1827.0503,860.5471,755.3097,967.309,5008.6751,625.9106,2087.0051,903.7536,1016.4581,1056.9606,5690.088000000001,10,0,5,0
2024-06-01,632.3347,1795.948,994.6667,950.2853,1011.6167,5384.851400000001,661.1947,2083.808,1032.16,1178.822,1079.37,6035.3547,10,0,5,0
2024-07-01,636.5277,1796.1652,988.089,1092.2394,984.3348,5497.3561,648.9406,2085.72,1038.218,1262.32,1054.3994,6089.598,10,0,5,0
2024-08-01,603.1881,1741.8748,969.8,1011.2626,1014.7381,5340.863600000001,629.2075,1998.0103,996.7742,1251.2852,1087.8736,5963.150799999999,10,0,5,0
2024-09-01,597.395,1719.652,968.8053,1028.334,859.3087,5173.495000000001,622.0617,1930.3053,993.2253,1336.4207,989.3554,5871.3684,10,0,5,0
2024-10-01,611.9368,1661.0426,960.1742,912.291,869.5323,5014.9769,622.6787,1896.1716,984.2839,1177.7362,942.4743,5623.3447,10,0,5,0
2024-11-01,613.7653,1775.004,1003.8673,893.5227,1101.594,5387.753299999999,622.152,2006.1307,1037.9073,1148.0827,1191.3207,6005.5934,10,0,5,0
2024-12-01,608.8629,1757.8,1027.5548,930.5226,1103.2723,5428.0126,618.1726,1979.0839,1054.2903,1069.571,1186.4142,5907.532,10,0,5,0
2025-01-01,589.9468,1703.0271,976.2974,1028.5471,1105.7045,5403.5229,597.5855,1931.9497,1011.6264,1170.2213,1170.6142,5881.9971,10,0,5,0
2025-02-01,551.8443,1604.7271,908.7879,1022.8814,856.0593,4944.3,566.9086,1871.6557,933.3665,1093.4457,966.8879,5432.2644,10,0,5,0
2025-03-01,627.3061,1607.4761,912.5265,1063.3529,798.5103,5009.1719,648.0738,1875.5471,949.2878,1219.2304,852.6523,5544.7914,10,0,5,0
2025-04-01,639.4203,1660.56,794.9873,1045.216,1000.8093,5140.9929,648.3003,1913.3933,823.354,1166.6993,1073.4226,5625.1695,10,0,5,0
2025-05-01,627.779,1628.7097,739.2619,840.7852,1003.0632,4839.599,631.3596,1811.8,806.8167,973.5078,1081.5858,5305.0698999999995,10,0,5,0
2025-06-01,634.045,1674.5227,941.452,878.598,982.7133,5111.331,655.505,1918.7227,974.9987,970.9747,1092.7466,5612.947700000001,10,0,5,0
2025-07-01,603.8974,1746.7006,1067.2613,1058.3806,980.9297,5457.1696,622.5168,1938.6232,1092.8032,1135.2451,1072.0007,5861.189,10,0,5,0
2025-08-01,629.6706,1787.4787,1033.3303,1040.8594,869.0458,5360.3848,640.4125,2002.0787,1072.24,1280.1659,945.4458,5940.3429,10,0,5,0
2025-09-01,574.4277,1690.7293,1018.5387,999.9527,874.1373,5157.7857,577.3877,1877.456,1032.872,1214.1827,984.6173,5686.5157,10,0,5,0
2025-10-01,466.0461,1720.6413,1028.2768,1082.7684,911.3671,5209.0997,481.3235,1975.3445,1040.1414,1325.5361,994.3155,5816.661,10,0,5,0
2025-11-01,498.44,1726.6333,1037.1887,1123.754,860.314,5246.33,507.32,2009.8066,1064.3354,1358.704,956.9606,5897.1266000000005,10,0,5,0
2025-12-01,656.3897,1690.48,1044.1594,1070.9297,892.3955,5354.3543,669.28,1952.3445,1059.3659,1381.133,978.3503,6040.4737,10,0,5,0
2026-01-01,633.6903,1652.3561,959.4523,1029.2574,882.18,5156.936100000001,645.6258,1897.7496,984.8394,1291.3606,996.4768,5816.0522,10,0,5,0
2026-02-01,528.0218,1725.2086,964.4714,1038.0857,880.8336,5136.6211,530.6647,1945.0943,1012.0428,1278.0572,998.4693,5764.3283,10,0,5,0
2026-03-01,411.6623,1559.2181,980.629,1079.4535,877.0723,4908.0352,422.1655,1665.6826,1017.3903,1349.6729,981.2013,5436.1125999999995,10,0,5,0
2026-04-01,642.3523,1532.4027,995.91,1028.334,862.8273,5061.8263,659.8656,1755.3894,1043.21,1296.7073,923.3539,5678.5262,10,0,5,0
2026-05-01,622.8135,1722.089,868.2477,1026.4161,838.1561,5077.722400000001,639.2845,1856.2438,902.5316,1344.0193,905.4916,5647.5708,10,0,5,0
2026-06-01,577.8483,1779.492,817.3673,1080.2033,892.2333,5147.1442,578.095,1918.1187,831.0206,1390.88,1011.0733,5729.1876,10,1,5,0
