date,naphtha_usd_bbl,premium_gasoline_usd_bbl,premium_gasoline_95_usd_bbl,jet_usd_bbl,gasoil_usd_bbl,fuel_oil_1pct_usd_bbl,fuel_oil_35pct_usd_bbl,gasoline_spec,gasoil_spec,n_issues,max_disagreement_usd_bbl,max_respec_gap_usd_bbl,respecified,source_issue,issues
2000-10-01,,35.31,,,40.06,,23.82,unleaded,0.2% S,1,,,,2001-01,2001-01
2000-11-01,,33.46,,,40.68,,22.18,unleaded,0.2% S,2,0,,,2001-02,2001-01;2001-02
2000-12-01,,28.05,,,34.25,,18.31,unleaded,0.2% S,3,0,,,2001-03,2001-01;2001-02;2001-03
2001-01-01,,29.85,,,30.15,,15.48,unleaded,0.2% S,2,0,,,2001-03,2001-02;2001-03
2001-02-01,,32.49,,,30.88,,18.21,unleaded,0.2% S,2,0,,,2001-05,2001-03;2001-05
2001-03-01,,31.52,,,29.38,,17.58,unleaded,0.2% S,2,0,,,2001-06,2001-05;2001-06
2001-04-01,,37.57,,,30.37,,17.05,unleaded,0.2% S,3,0,,,2001-07,2001-05;2001-06;2001-07
2001-05-01,,39.09,,,31.18,,18.23,unleaded,0.2% S,3,0,,,2001-08,2001-06;2001-07;2001-08
2001-06-01,,31.73,,,31.06,,17.97,unleaded,0.2% S,3,0,,,2001-09,2001-07;2001-08;2001-09
2001-07-01,,27.86,,,29.33,,17.19,unleaded,0.2% S,3,0.15000000000000213,,,2001-10,2001-08;2001-09;2001-10
2001-08-01,,29.01,,,30.18,,18.4,unleaded,0.2% S,3,0.7700000000000031,,,2001-11,2001-09;2001-10;2001-11
2001-09-01,,29.54,,,30.87,,19.23,unleaded,0.2% S,3,0.990000000000002,,,2001-12,2001-10;2001-11;2001-12
2001-10-01,,23.5,,,27.41,,16.07,unleaded,0.2% S,3,0.21999999999999886,,,2002-01,2001-11;2001-12;2002-01
2001-11-01,,20.2,,,23.03,,14.67,unleaded,0.2% S,3,0.17999999999999972,,,2002-02,2001-12;2002-01;2002-02
2001-12-01,,19.16,,,21.35,,14.95,unleaded,0.2% S,3,0.14000000000000057,,,2002-03,2002-01;2002-02;2002-03
2002-01-01,,20.76,,,21.76,,15.24,unleaded,0.2% S,3,0.11000000000000298,,,2002-04,2002-02;2002-03;2002-04
2002-02-01,,20.94,,,21.81,,15.52,unleaded,0.2% S,3,0.11000000000000298,,,2002-05,2002-03;2002-04;2002-05
2002-03-01,,25.74,,,25.3,,17.92,unleaded,0.2% S,3,0.010000000000001563,,,2002-06,2002-04;2002-05;2002-06
2002-04-01,,30.14,,,26.53,,20.01,unleaded,0.2% S,3,0.19000000000000128,,,2002-07,2002-05;2002-06;2002-07
2002-05-01,,28.94,,,26.54,,21.02,unleaded,0.2% S,3,0.41999999999999815,,,2002-08,2002-06;2002-07;2002-08
2002-06-01,,29.02,,,25.97,,19.94,unleaded,0.2% S,3,0,,,2002-09,2002-07;2002-08;2002-09
2002-07-01,,30.77,,,27.8,,21.02,unleaded,0.2% S,3,0,,,2002-10,2002-08;2002-09;2002-10
2002-08-01,,31.14,,,28.95,,21.68,unleaded,0.2% S,3,0,,,2002-11,2002-09;2002-10;2002-11
2002-09-01,,32.63,,,31.54,,24.02,unleaded,0.2% S,3,0,,,2002-12,2002-10;2002-11;2002-12
2002-10-01,,32.16,,,31.23,,22.44,unleaded,0.2% S,3,0,,,2003-01,2002-11;2002-12;2003-01
2002-11-01,,27.88,,,28.52,,18.4,unleaded,0.2% S,3,0,,,2003-02,2002-12;2003-01;2003-02
2002-12-01,,31.34,,,32.63,,19.99,unleaded,0.2% S,3,0,,,2003-03,2003-01;2003-02;2003-03
2003-01-01,,35.31,,,35.22,,25.97,unleaded,0.2% S,3,0,,,2003-04,2003-02;2003-03;2003-04
2003-02-01,,39.15,,,41.16,,25.93,unleaded,0.2% S,3,0,,,2003-05,2003-03;2003-04;2003-05
2003-03-01,,36.06,,,39.61,,21.91,unleaded,0.2% S,3,0,,,2003-06,2003-04;2003-05;2003-06
2003-04-01,,34.38,,,29.59,,18.61,unleaded,0.2% S,3,0,,,2003-07,2003-05;2003-06;2003-07
2003-05-01,,32.06,,,29,,20.29,unleaded,0.2% S,3,0,,,2003-08,2003-06;2003-07;2003-08
2003-06-01,,33.15,,,30.57,,21.57,unleaded,0.2% S,3,0,,,2003-09,2003-07;2003-08;2003-09
2003-07-01,,35.36,,,31.08,,24.15,unleaded,0.2% S,3,0,,,2003-10,2003-08;2003-09;2003-10
2003-08-01,,38.04,,,32.47,,23.72,unleaded,0.2% S,3,0,,,2003-11,2003-09;2003-10;2003-11
2003-09-01,,33.7,,,29.84,,21.64,unleaded,0.2% S,3,0,,,2003-12,2003-10;2003-11;2003-12
2003-10-01,,33.71,,,33.92,,22.63,unleaded,0.2% S,3,0,,,2004-01,2003-11;2003-12;2004-01
2003-11-01,,33.54,,,34.21,,22.56,unleaded,0.2% S,3,0,,,2004-02,2003-12;2004-01;2004-02
2003-12-01,,33.84,,,35.02,,19.55,unleaded,0.2% S,3,0,,,2004-03,2004-01;2004-02;2004-03
2004-01-01,,37.33,,,36.58,,20.75,unleaded,0.2% S,3,0,,,2004-04,2004-02;2004-03;2004-04
2004-02-01,,38.56,,,34.16,,20.32,unleaded,0.2% S,3,0,,,2004-05,2004-03;2004-04;2004-05
2004-03-01,,41.68,,,37.77,,21.49,unleaded,0.2% S,3,0,,,2004-06,2004-04;2004-05;2004-06
2004-04-01,,45.58,,,38.74,,22.77,unleaded,0.2% S,3,0.10000000000000142,,,2004-07,2004-05;2004-06;2004-07
2004-05-01,48.99,53.11,53.11,47.81,42.83,25.7,25.1,unleaded 95,0.2% S,3,0,0,gasoline:unleaded|unleaded 95,2004-08,2004-06;2004-07;2004-08
2004-06-01,45.7,45.85,45.85,45.26,41.68,24.21,23.39,unleaded 95,0.2% S,3,0,0,gasoline:unleaded|unleaded 95,2004-09,2004-07;2004-08;2004-09
2004-07-01,48.87,52.03,52.03,49.88,46.18,24.28,24.44,unleaded 95,0.2% S,3,0.00999999999999801,,,2004-10,2004-08;2004-09;2004-10
2004-08-01,54.96,51.06,51.06,55.74,49.99,23.73,24.62,unleaded 95,0.2% S,3,0,,,2004-11,2004-09;2004-10;2004-11
2004-09-01,54.88,50.77,50.77,58.49,53.02,23.4,24.12,unleaded 95,0.2% S,3,0,,,2004-12,2004-10;2004-11;2004-12
2004-10-01,61.21,55.72,55.72,65.91,63.06,28.1,25.88,unleaded 95,0.2% S,3,0,,,2005-01,2004-11;2004-12;2005-01
2004-11-01,56.49,50.62,50.62,60.31,56.89,25.23,21.49,unleaded 95,0.2% S,3,0,,,2005-02,2004-12;2005-01;2005-02
2004-12-01,50.2,42.54,42.54,54.05,51.26,24.96,20.93,unleaded 95,0.2% S,3,0,,,2005-03,2005-01;2005-02;2005-03
2005-01-01,51.32,47.84,47.84,55.05,51.92,26.68,23.54,unleaded 95,0.2% S,3,0,,,2005-04,2005-02;2005-03;2005-04
2005-02-01,54.49,49.96,49.96,58.05,54.31,27.78,25.48,unleaded 95,0.2% S,3,0,,,2005-05,2005-03;2005-04;2005-05
2005-03-01,62.33,62.03,56.03,68.81,69.3,34.06,30.09,unleaded 50 ppm,50 ppm,3,0,6,gasoline:unleaded 50 ppm|unleaded 95;gasoil:0.2% S|50 ppm,2005-06,2005-04;2005-05;2005-06
2005-04-01,61.62,68.55,61.36,71.67,70.38,35.59,34.53,unleaded 50 ppm,50 ppm,3,0,7.189999999999998,gasoline:unleaded 50 ppm|unleaded 95;gasoil:0.2% S|50 ppm,2005-07,2005-05;2005-06;2005-07
2005-05-01,54.65,62.85,56.26,64.9,64.51,34.56,33.79,unleaded 50 ppm,50 ppm,3,0,,,2005-08,2005-06;2005-07;2005-08
2005-06-01,57.23,69.54,62.17,72.32,73.02,35.01,34.86,unleaded 50 ppm,50 ppm,3,0,,,2005-09,2005-07;2005-08;2005-09
2005-07-01,61.22,76.54,68.33,74.02,74.6,37.74,36.71,unleaded 50 ppm,50 ppm,3,0,,,2005-10,2005-08;2005-09;2005-10
2005-08-01,69.12,84.28,75.64,79.78,80.15,41.7,39.25,unleaded 50 ppm,50 ppm,3,0,,,2005-11,2005-09;2005-10;2005-11
2005-09-01,74.77,92.35,82.82,83.78,83.28,46.7,41.86,unleaded 50 ppm,50 ppm,3,0,,,2005-12,2005-10;2005-11;2005-12
2005-10-01,71.56,77.64,69.44,81.27,81.54,46.94,39.98,unleaded 50 ppm,50 ppm,3,0,,,2006-01,2005-11;2005-12;2006-01
2005-11-01,62.65,67.03,60.02,69.5,71.05,42.01,37.5,unleaded 50 ppm,50 ppm,3,0,,,2006-02,2005-12;2006-01;2006-02
2005-12-01,65.2,68.24,61.04,70,69.25,41.75,37.54,unleaded 50 ppm,50 ppm,3,0,,,2006-03,2006-01;2006-02;2006-03
2006-01-01,73.5,76.37,68.13,76.16,73.79,45.19,42.21,unleaded 50 ppm,50 ppm,3,0,,,2006-04,2006-02;2006-03;2006-04
2006-02-01,68.79,70.12,62.65,74.31,72.76,47.04,44.03,unleaded 50 ppm,50 ppm,3,0,,,2006-05,2006-03;2006-04;2006-05
2006-03-01,69.12,76.53,68.23,76.52,77.42,45.37,44.02,unleaded 50 ppm,50 ppm,3,0,,,2006-06,2006-04;2006-05;2006-06
2006-04-01,77.49,90.97,81.15,84.7,84.69,47.77,47.67,unleaded 50 ppm,50 ppm,3,0,,,2006-07,2006-05;2006-06;2006-07
2006-05-01,78.73,93.84,83.69,87,86.03,47.14,48.13,unleaded 50 ppm,50 ppm,3,0,,,2006-08,2006-06;2006-07;2006-08
2006-06-01,80.63,95.72,85.38,87.06,86.13,44.65,44.6,unleaded 50 ppm,50 ppm,3,0,,,2006-09,2006-07;2006-08;2006-09
2006-07-01,84.43,102.17,91.26,89.69,87.8,46.1,46.79,unleaded 50 ppm,50 ppm,3,0,,,2006-10,2006-08;2006-09;2006-10
2006-08-01,81.35,93.21,83.09,91.68,89.75,46.38,46.41,unleaded 50 ppm,50 ppm,3,0,,,2006-11,2006-09;2006-10;2006-11
2006-09-01,68.51,72.69,64.8,79.71,77.31,42.04,40.67,unleaded 50 ppm,50 ppm,3,0,,,2006-12,2006-10;2006-11;2006-12
2006-10-01,66.51,67.12,59.92,73.68,74.92,37.91,39.25,unleaded 50 ppm,50 ppm,3,0,,,2007-01,2006-11;2006-12;2007-01
2006-11-01,67.4,69.11,61.52,73.81,74.53,38.69,38.7,unleaded 50 ppm,50 ppm,3,0,,,2007-02,2006-12;2007-01;2007-02
2006-12-01,71.49,72.94,64.93,78.27,75.6,37.32,37.82,unleaded 50 ppm,50 ppm,3,0,,,2007-03,2007-01;2007-02;2007-03
2007-01-01,66.59,65.11,57.91,70.78,67.79,36.04,33.81,unleaded 50 ppm,50 ppm,3,0,,,2007-04,2007-02;2007-03;2007-04
2007-02-01,72.25,71.76,63.82,73.96,72.51,34.67,37.99,unleaded 50 ppm,50 ppm,3,0,,,2007-05,2007-03;2007-04;2007-05
2007-03-01,79.22,82.57,73.57,76.82,76.23,39.24,40.35,unleaded 50 ppm,50 ppm,3,0,,,2007-06,2007-04;2007-05;2007-06
2007-04-01,86.19,93.9,84.06,82.71,81.65,42.91,46.46,unleaded 50 ppm,50 ppm,3,0,,,2007-07,2007-05;2007-06;2007-07
2007-05-01,90.03,100,89.74,83.79,81.72,45.66,47.33,unleaded 50 ppm,50 ppm,3,0,,,2007-08,2007-06;2007-07;2007-08
2007-06-01,87.58,97.59,87.33,87,85.5,46.72,48.83,unleaded 50 ppm,50 ppm,3,0,,,2007-09,2007-07;2007-08;2007-09
2007-07-01,89.84,96.78,86.08,90.01,89.12,52.66,54.01,unleaded 50 ppm,50 ppm,3,0,,,2007-10,2007-08;2007-09;2007-10
2007-08-01,84.7,90.16,80.22,87.03,86.4,54.39,52.23,unleaded 50 ppm,50 ppm,3,0,,,2007-11,2007-09;2007-10;2007-11
2007-09-01,91.24,94.47,84.23,93.42,94.83,54.49,55.65,unleaded 50 ppm,50 ppm,3,0,,,2007-12,2007-10;2007-11;2007-12
2007-10-01,97.94,97.25,86.5,100.4,99.44,64.34,62.26,unleaded 50 ppm,50 ppm,3,0,,,2008-01,2007-11;2007-12;2008-01
2007-11-01,108.46,109.03,97.05,115.45,118.34,72.16,70.61,unleaded 50 ppm,50 ppm,3,0,,,2008-02,2007-12;2008-01;2008-02
2007-12-01,110.06,105.68,94.05,111.11,109.94,75.17,66.06,unleaded 50 ppm,50 ppm,3,0,,,2008-03,2008-01;2008-02;2008-03
2008-01-01,108.66,95.82,94.13,109.32,108.7,74.81,65.73,unleaded 50 ppm,50 ppm,3,0,,,2008-04,2008-02;2008-03;2008-04
2008-02-01,109.36,100.3,98.53,116.97,115.98,73.26,64.89,unleaded 50 ppm,50 ppm,3,0,,,2008-05,2008-03;2008-04;2008-05
2008-03-01,113.53,108.91,103.56,134,133.01,77.69,70.28,unleaded 50 ppm,50 ppm,3,0,,,2008-06,2008-04;2008-05;2008-06
2008-04-01,118.58,127.26,113.16,145.05,142.66,85.16,73.57,unleaded 50 ppm,50 ppm,3,0,,,2008-07,2008-05;2008-06;2008-07
2008-05-01,129.7,140.04,124.51,163.93,163.07,90.32,80.3,unleaded 50 ppm,50 ppm,3,0,,,2008-08,2008-06;2008-07;2008-08
2008-06-01,143.54,150.09,133.46,166.5,166.8,101.66,89.47,unleaded 10 ppm,10 ppm,3,0,0,gasoline:unleaded 10 ppm|unleaded 50 ppm;gasoil:10 ppm|50 ppm,2008-09,2008-07;2008-08;2008-09
2008-07-01,142.28,145.48,129.38,169.44,165.1,114.61,100.8,unleaded 10 ppm,10 ppm,3,0,0,gasoline:unleaded 10 ppm|unleaded 50 ppm;gasoil:10 ppm|50 ppm,2008-10,2008-08;2008-09;2008-10
2008-08-01,125.53,129.93,115.51,142.59,138.28,101.99,92.38,unleaded 10 ppm,10 ppm,3,0,,,2008-11,2008-09;2008-10;2008-11
2008-09-01,111.21,120.1,105.79,128.97,127.29,84.4,81.22,unleaded 10 ppm,10 ppm,3,0,,,2008-12,2008-10;2008-11;2008-12
2008-10-01,69.23,82.48,73.35,98.63,100.15,65.67,54.12,unleaded 10 ppm,10 ppm,3,0,,,2009-01,2008-11;2008-12;2009-01
2008-11-01,33.59,54.38,50.5,80.6,74.99,46.06,33.17,unleaded 10 ppm,10 ppm,3,6.279999999999994,,,2009-02,2008-12;2009-01;2009-02
2008-12-01,28.24,43.11,39.69,60.18,57.08,33.81,28.17,unleaded 10 ppm,10 ppm,3,5.300000000000004,,,2009-03,2009-01;2009-02;2009-03
2009-01-01,38.71,48.82,46.29,60.99,66.57,36.27,34.98,unleaded 10 ppm,10 ppm,3,0,,,2009-04,2009-02;2009-03;2009-04
2009-02-01,43.75,52.7,49.97,53.89,55.32,35.81,36.5,unleaded 10 ppm,10 ppm,3,0,,,2009-05,2009-03;2009-04;2009-05
2009-03-01,43.82,54.68,51.85,55.33,55.9,36.43,37.29,unleaded 10 ppm,10 ppm,3,0,,,2009-06,2009-04;2009-05;2009-06
2009-04-01,44.61,58.56,54.21,57.38,56.88,41.71,40.33,unleaded 10 ppm,10 ppm,2,0,,,2009-06,2009-05;2009-06
2009-05-01,47.57,68.88,63.77,58.69,57.93,45.54,46.31,unleaded 10 ppm,10 ppm,2,0,,,2009-08,2009-06;2009-08
2009-06-01,62.74,85.27,78.94,78.47,75.69,59.46,59.14,unleaded 10 ppm,10 ppm,2,0,,,2009-09,2009-08;2009-09
2009-07-01,61.36,76.95,71.23,72.27,71.44,59.72,59.52,unleaded 10 ppm,10 ppm,3,0,,,2009-10,2009-08;2009-09;2009-10
2009-08-01,67.48,83.11,76.93,76.08,76.18,64.55,63.06,unleaded 10 ppm,10 ppm,3,0,,,2009-11,2009-09;2009-10;2009-11
2009-09-01,65.82,78.34,72.52,76.57,74.77,64.52,62.96,unleaded 10 ppm,10 ppm,3,0,,,2009-12,2009-10;2009-11;2009-12
2009-10-01,69.17,79.33,73.43,82.53,81.6,68.35,66.93,unleaded 10 ppm,10 ppm,3,0,,,2010-01,2009-11;2009-12;2010-01
2009-11-01,74.91,83.45,77.26,85.33,83.24,73.51,70.96,unleaded 10 ppm,10 ppm,3,0,,,2010-02,2009-12;2010-01;2010-02
2009-12-01,71.93,76.06,70.41,79.76,77.91,65.88,65.26,unleaded 10 ppm,10 ppm,3,0,,,2010-03,2010-01;2010-02;2010-03
2010-01-01,79.05,84.65,78.36,86.46,84.11,72.55,71.29,unleaded 10 ppm,10 ppm,3,0,,,2010-04,2010-02;2010-03;2010-04
2010-02-01,75.07,83.11,76.94,83.38,81.53,69.94,69,unleaded 10 ppm,10 ppm,3,0,,,2010-05,2010-03;2010-04;2010-05
2010-03-01,80.82,92.38,85.52,89.5,88.75,73.25,70.47,unleaded 10 ppm,10 ppm,3,0,,,2010-06,2010-04;2010-05;2010-06
2010-04-01,81.3,98.61,91.29,96.07,95.73,76.62,73.18,unleaded 10 ppm,10 ppm,3,0,,,2010-07,2010-05;2010-06;2010-07
2010-05-01,71.49,85.58,89.89,84.25,83.4,66.65,64.07,unleaded 10 ppm,10 ppm,3,0,,,2010-08,2010-06;2010-07;2010-08
2010-06-01,72.81,88.78,93.25,89.11,87.5,69.2,66.24,unleaded 10 ppm,10 ppm,3,0,,,2010-09,2010-07;2010-08;2010-09
2010-07-01,69.33,86.93,88.36,87.12,85.74,71.28,66.33,unleaded 10 ppm,10 ppm,3,3.5700000000000074,,,2010-10,2010-08;2010-09;2010-10
2010-08-01,73.29,86.77,85.88,89.01,88.21,72.5,68.62,unleaded 10 ppm,10 ppm,3,5.359999999999999,,,2010-11,2010-09;2010-10;2010-11
2010-09-01,75.12,89.26,86.77,90.19,90.47,70.23,67.81,unleaded 10 ppm,10 ppm,3,0,,,2010-12,2010-10;2010-11;2010-12
2010-10-01,83.47,96.08,93.41,96.35,96.88,73.78,71.94,unleaded 10 ppm,10 ppm,3,0,,,2011-01,2010-11;2010-12;2011-01
2010-11-01,86.37,96.83,94.14,99.07,98.67,75.18,74.09,unleaded 10 ppm,10 ppm,3,0,,,2011-02,2010-12;2011-01;2011-02
2010-12-01,93.15,103.44,100.57,105.26,104.15,76.54,76.19,unleaded 10 ppm,10 ppm,3,0,,,2011-03,2011-01;2011-02;2011-03
2011-01-01,94.52,105.73,102.79,112.02,109.99,80.36,79.99,unleaded 10 ppm,10 ppm,3,0,,,2011-04,2011-02;2011-03;2011-04
2011-02-01,97.52,109.22,106.19,121.69,118.32,89.92,88.25,unleaded 10 ppm,10 ppm,3,0,,,2011-05,2011-03;2011-04;2011-05
2011-03-01,108.61,121.94,117.89,134.43,126.3,102.66,95.52,unleaded 10 ppm,10 ppm,3,0,,,2011-06,2011-04;2011-05;2011-06
2011-04-01,116.52,137.85,134.02,140.71,136.52,110.48,101.85,unleaded 10 ppm,10 ppm,3,0,,,2011-07,2011-05;2011-06;2011-07
2011-05-01,109.21,129.85,127.73,129.99,126.08,100.9,97.12,unleaded 10 ppm,10 ppm,3,4.390000000000001,,,2011-08,2011-06;2011-07;2011-08
2011-06-01,103.26,123.33,120.74,130.51,127.71,104.58,98.87,unleaded 10 ppm,10 ppm,3,0,,,2011-09,2011-07;2011-08;2011-09
2011-07-01,108.42,127.5,124.83,133.61,129.86,107.81,101.48,unleaded 10 ppm,10 ppm,3,0,,,2011-10,2011-08;2011-09;2011-10
2011-08-01,104.01,123.58,120.99,127.58,125.79,101.09,98.83,unleaded 10 ppm,10 ppm,3,0,,,2011-11,2011-09;2011-10;2011-11
2011-09-01,104.1,123.64,121.05,126.83,126.27,100.41,99.27,unleaded 10 ppm,10 ppm,3,0,,,2011-12,2011-10;2011-11;2011-12
2011-10-01,97.59,117.08,114.63,127.57,129,100.42,99.3,unleaded 10 ppm,10 ppm,3,0,,,2012-01,2011-11;2011-12;2012-01
2011-11-01,95.62,112.81,110.45,131.3,131.36,103.47,100.69,unleaded 10 ppm,10 ppm,3,0,,,2012-02,2011-12;2012-01;2012-02
2011-12-01,96.97,112.46,110.1,124.89,128.16,102.11,97.12,unleaded 10 ppm,10 ppm,3,0,,,2012-03,2012-01;2012-02;2012-03
2012-01-01,105.18,119.56,117.05,129.31,136.45,106.12,105.87,unleaded 10 ppm,10 ppm,3,0,,,2012-04,2012-02;2012-03;2012-04
2012-02-01,113.7,115.76,129.34,134.39,133.79,112.32,109.03,unleaded 10 ppm,10 ppm,3,13.529999999999987,,,2012-05,2012-03;2012-04;2012-05
2012-03-01,118.19,119.73,140.3,138.92,137.55,118.05,111.59,unleaded 10 ppm,10 ppm,3,21.279999999999987,,,2012-06,2012-04;2012-05;2012-06
2012-04-01,114.89,121.03,141.82,136.71,135.01,116.36,108.98,unleaded 10 ppm,10 ppm,3,0,,,2012-07,2012-05;2012-06;2012-07
2012-05-01,97.01,107.71,126.22,128.15,124.84,105.7,100.23,unleaded 10 ppm,10 ppm,3,0,,,2012-08,2012-06;2012-07;2012-08
2012-06-01,80.61,97.77,114.57,114.3,113.43,93.24,88.76,unleaded 10 ppm,10 ppm,3,0,,,2012-09,2012-07;2012-08;2012-09
2012-07-01,91.27,103.28,121.02,121.58,121.32,99.09,93.14,unleaded 10 ppm,10 ppm,3,0,,,2012-10,2012-08;2012-09;2012-10
2012-08-01,103.46,117.07,133.11,133.19,131.33,108.06,100.94,unleaded 10 ppm,10 ppm,3,0,,,2012-11,2012-09;2012-10;2012-11
2012-09-01,106.9,121.08,137.67,136.77,134.72,109.44,102.07,unleaded 10 ppm,10 ppm,3,0,,,2012-12,2012-10;2012-11;2012-12
2012-10-01,105.62,111.35,126.6,135.41,135.41,101.15,96.86,unleaded 10 ppm,10 ppm,3,0,,,2013-01,2012-11;2012-12;2013-01
2012-11-01,103,103.68,117.89,129.34,129.48,95.37,92.46,unleaded 10 ppm,10 ppm,3,0,,,2013-02,2012-12;2013-01;2013-02
2012-12-01,103.83,105.57,120.03,128.37,124.71,94.35,91.16,unleaded 10 ppm,10 ppm,3,0,,,2013-03,2013-01;2013-02;2013-03
2013-01-01,103.22,109.89,124.95,131.56,128.47,99.44,96.75,unleaded 10 ppm,10 ppm,3,0,,,2013-04,2013-02;2013-03;2013-04
2013-02-01,109.76,117.74,133.87,136.61,133.3,104.22,99.85,unleaded 10 ppm,10 ppm,3,0,,,2013-05,2013-03;2013-04;2013-05
2013-03-01,100.7,107.77,122.54,125.31,123.85,96.98,95.4,unleaded 10 ppm,10 ppm,3,0,,,2013-06,2013-04;2013-05;2013-06
2013-04-01,90.19,102.83,116.92,118.43,117.31,92.3,92.19,unleaded 10 ppm,10 ppm,3,0,,,2013-07,2013-05;2013-06;2013-07
2013-05-01,92.13,105.74,120.23,117.44,116.51,94.09,92.26,unleaded 10 ppm,10 ppm,3,0,,,2013-08,2013-06;2013-07;2013-08
2013-06-01,94.24,106.18,120.73,120.8,119.21,94.82,91.87,unleaded 10 ppm,10 ppm,3,0.9500000000000028,,,2013-09,2013-07;2013-08;2013-09
2013-07-01,96.98,124.48,,124.14,122.6,94.57,94.55,unleaded 98,10 ppm,3,1.210000000000008,14.13000000000001,gasoline:unleaded 10 ppm|unleaded 98,2013-10,2013-08;2013-09;2013-10
2013-08-01,101.1,126.26,,127.64,126.03,95.36,94.95,unleaded 98,10 ppm,3,0,14.340000000000003,gasoline:unleaded 10 ppm|unleaded 98,2013-11,2013-09;2013-10;2013-11
2013-09-01,102.87,122.5,,127.45,127.3,95.88,93.88,unleaded 98,10 ppm,3,0,,,2013-12,2013-10;2013-11;2013-12
2013-10-01,99.76,119.49,,126.65,124.77,93.89,92.58,unleaded 98,10 ppm,3,0,,,2014-01,2013-11;2013-12;2014-01
2013-11-01,102.81,118.89,,124.93,122.47,93.49,90.63,unleaded 98,10 ppm,3,0,,,2014-02,2013-12;2014-01;2014-02
2013-12-01,105.86,120.87,,128.43,125.54,94.96,91.72,unleaded 98,10 ppm,3,0,,,2014-03,2014-01;2014-02;2014-03
2014-01-01,101.62,116.51,,124.57,121.84,92.37,89.22,unleaded 98,10 ppm,3,0,,,2014-04,2014-02;2014-03;2014-04
2014-02-01,101.07,119.89,,124.63,123.29,97.55,91.72,unleaded 98,10 ppm,3,0,,,2014-05,2014-03;2014-04;2014-05
2014-03-01,100.82,120.86,,121.71,121.01,100.1,91.27,unleaded 98,10 ppm,3,0,,,2014-06,2014-04;2014-05;2014-06
2014-04-01,102.4,128.03,,122.24,122.13,98.07,91.32,unleaded 98,10 ppm,3,0,,,2014-07,2014-05;2014-06;2014-07
2014-05-01,103.76,127.36,,123.29,121.29,98.66,91.19,unleaded 98,10 ppm,3,0,,,2014-08,2014-06;2014-07;2014-08
2014-06-01,105.38,130.41,,124.73,121.59,98.71,93.2,unleaded 98,10 ppm,3,0,,,2014-09,2014-07;2014-08;2014-09
2014-07-01,103.5,128.08,,122.77,119.2,93.75,90.81,unleaded 98,10 ppm,3,0,,,2014-10,2014-08;2014-09;2014-10
2014-08-01,95.76,119.86,,120.02,116.65,88.64,89.16,unleaded 98,10 ppm,3,0,,,2014-11,2014-09;2014-10;2014-11
2014-09-01,93.04,117.23,,114.54,111.88,86.5,86.14,unleaded 98,10 ppm,3,0,,,2014-12,2014-10;2014-11;2014-12
2014-10-01,78.61,103.9,,105.32,102.35,76.5,75.06,unleaded 98,10 ppm,3,0,,,2015-01,2014-11;2014-12;2015-01
2014-11-01,69.44,95.79,,98.35,96.25,65.55,65.66,unleaded 98,10 ppm,3,0,,,2015-02,2014-12;2015-01;2015-02
2014-12-01,54.22,73.31,,81.09,77.45,49.59,49.44,unleaded 98,10 ppm,3,0,,,2015-03,2015-01;2015-02;2015-03
2015-01-01,46.66,61.8,,66.67,63.24,37.2,37.79,unleaded 98,10 ppm,3,0,,,2015-04,2015-02;2015-03;2015-04
2015-02-01,55.35,73.71,,75.7,75.02,47.05,47.79,unleaded 98,10 ppm,3,0,,,2015-05,2015-03;2015-04;2015-05
2015-03-01,55.65,77.62,,71.93,71.77,45.35,46.07,unleaded 98,10 ppm,3,0,,,2015-06,2015-04;2015-05;2015-06
2015-04-01,57.96,82.31,,73.97,74.21,49.2,49.64,unleaded 98,10 ppm,3,0,,,2015-07,2015-05;2015-06;2015-07
2015-05-01,60.76,87.7,,78.67,79.16,52.57,53.41,unleaded 98,10 ppm,3,0,,,2015-08,2015-06;2015-07;2015-08
2015-06-01,59.34,93.68,,76.99,76.37,50.32,51.12,unleaded 98,10 ppm,2,0,,,2015-08,2015-07;2015-08
2015-07-01,52.04,90.5,,68.18,68.59,44.59,45.3,unleaded 98,10 ppm,2,0,,,2015-09,2015-08;2015-09
2015-08-01,44.38,77.52,,60.18,60.66,35.24,35.8,unleaded 98,10 ppm,2,0,,,2015-10,2015-09;2015-10
2015-09-01,45.3,70.72,,61.35,61.41,33.88,34.41,unleaded 98,10 ppm,2,0,,,2015-11,2015-10;2015-11
2015-10-01,47.36,66.73,,59.68,59.23,33.89,34.43,unleaded 98,10 ppm,2,0,,,2015-12,2015-11;2015-12
2015-11-01,46.13,65.27,,56.78,57.06,30.2,30.68,unleaded 98,10 ppm,2,0,,,2016-01,2015-12;2016-01
2015-12-01,42.67,58.79,,47.54,45.68,22.4,22.59,unleaded 98,10 ppm,2,0,,,2016-02,2016-01;2016-02
2016-01-01,35.13,53.41,,39.21,38.11,19.85,15.08,unleaded 98,10 ppm,2,1.6500000000000057,,,2016-03,2016-02;2016-03
2016-02-01,32.32,49.48,,41.48,40.41,21.45,17.91,unleaded 98,10 ppm,2,0,,,2016-04,2016-03;2016-04
2016-03-01,38.53,54.82,,47.43,47.13,24.83,21.32,unleaded 98,10 ppm,2,0,,,2016-05,2016-04;2016-05
2016-04-01,41.69,66.41,,50.3,49.57,27.82,23.66,unleaded 98,10 ppm,2,0,,,2016-06,2016-05;2016-06
2016-05-01,44.28,69.51,,56.15,56.67,32.52,29.28,unleaded 98,10 ppm,2,0,,,2016-07,2016-06;2016-07
2016-06-01,45.89,70.22,,58.8,59.37,37.81,32.24,unleaded 98,10 ppm,2,0,,,2016-08,2016-07;2016-08
2016-07-01,41.73,62.35,,54.48,53.84,37.6,32.21,unleaded 98,10 ppm,2,0,,,2016-09,2016-08;2016-09
2016-08-01,40.52,64.07,,54.91,54.28,36.83,32.87,unleaded 98,10 ppm,2,0,,,2016-10,2016-09;2016-10
2016-09-01,43.57,66.62,,55.92,55.93,39.48,34.97,unleaded 98,10 ppm,2,0,,,2016-11,2016-10;2016-11
2016-10-01,48.6,70.13,,61.5,61.82,43.83,38.1,unleaded 98,10 ppm,2,0,,,2016-12,2016-11;2016-12
2016-11-01,45.82,64.62,,57.36,57.29,40.98,35.71,unleaded 98,10 ppm,2,0,,,2017-01,2016-12;2017-01
2016-12-01,50.9,71.37,,64.5,64.89,46.7,42.28,unleaded 98,10 ppm,2,0,,,2017-02,2017-01;2017-02
2017-01-01,55.06,73.82,,65.6,65.05,50.6,43.03,unleaded 98,10 ppm,2,0,,,2017-03,2017-02;2017-03
2017-02-01,54.82,75.66,,66.35,66.13,49.73,43.13,unleaded 98,10 ppm,2,0,,,2017-04,2017-03;2017-04
2017-03-01,50.7,70.06,,62.29,62.21,44.86,39.94,unleaded 98,10 ppm,2,0,,,2017-05,2017-04;2017-05
2017-04-01,51.54,75.36,,64.21,64.11,46.95,41.71,unleaded 98,10 ppm,2,0,,,2017-06,2017-05;2017-06
2017-05-01,48.43,72.61,,61.13,61.11,46.26,40.64,unleaded 98,10 ppm,2,0,,,2017-07,2017-06;2017-07
2017-06-01,44.69,69.62,,57.81,57.06,43.95,39.68,unleaded 98,10 ppm,2,0,,,2017-08,2017-07;2017-08
2017-07-01,47.29,70.31,,61.17,60.9,45.03,42.23,unleaded 98,10 ppm,2,0,,,2017-09,2017-08;2017-09
2017-08-01,51,75.17,,65.71,64.7,46.64,44.06,unleaded 98,10 ppm,2,0,,,2017-10,2017-09;2017-10
2017-09-01,55.76,79.57,,70.72,71.33,49.82,47,unleaded 98,10 ppm,2,0,,,2017-11,2017-10;2017-11
2017-10-01,57.45,76.1,,71.36,71.69,50.61,47.35,unleaded 98,10 ppm,2,0,,,2017-12,2017-11;2017-12
2017-11-01,63.44,82.88,,78.12,75.35,55.64,51.68,unleaded 98,10 ppm,2,0,,,2018-01,2017-12;2018-01
2017-12-01,63.79,80.4,,77.64,76.56,54.46,51.21,unleaded 98,10 ppm,2,0,,,2018-02,2018-01;2018-02
2018-01-01,65.48,85.6,,83.1,82.15,57.65,54.41,unleaded 98,10 ppm,2,0,,,2018-03,2018-02;2018-03
2018-02-01,61.52,82.8,,81.65,77.45,55.15,52.04,unleaded 98,10 ppm,2,0,,,2018-04,2018-03;2018-04
2018-03-01,63.29,79.34,,82.03,78.64,55.15,52,unleaded 98,10 ppm,2,0,,,2018-05,2018-04;2018-05
2018-04-01,65.69,90.68,,87.45,85.49,58.66,55.61,unleaded 98,10 ppm,2,0,,,2018-06,2018-05;2018-06
2018-05-01,73.73,96.58,,93.03,91.3,65.69,62.64,unleaded 98,10 ppm,2,0,,,2018-07,2018-06;2018-07
2018-06-01,69.92,93.71,,89.3,88.75,65.94,62.7,unleaded 98,10 ppm,2,0,,,2018-08,2018-07;2018-08
2018-07-01,71.04,93.79,,88.79,88,67.51,64.45,unleaded 98,10 ppm,2,0,,,2018-09,2018-08;2018-09
2018-08-01,70.82,95.01,,87.96,88.49,65.73,62.59,unleaded 98,10 ppm,2,0,,,2018-10,2018-09;2018-10
2018-09-01,74.71,95.03,,92.51,92.86,67.75,64.72,unleaded 98,10 ppm,2,0,,,2018-11,2018-10;2018-11
2018-10-01,73.15,91.2,,97.45,97.18,73.08,69.67,unleaded 98,10 ppm,2,0,,,2018-12,2018-11;2018-12
2018-11-01,55.86,76.78,,85.1,86.35,62.61,58.71,unleaded 98,10 ppm,2,0,,,2019-01,2018-12;2019-01
2018-12-01,50.95,67.58,,74.8,74.59,53.08,48.88,unleaded 98,10 ppm,2,0,,,2019-02,2019-01;2019-02
2019-01-01,50.52,68.23,,76.07,75.24,54.9,50.38,unleaded 98,10 ppm,2,0,,,2019-03,2019-02;2019-03
2019-02-01,55.14,74.43,,80.16,80.75,61.41,56.66,unleaded 98,10 ppm,2,0,,,2019-04,2019-03;2019-04
2019-03-01,58.8,81.08,,81.57,81.82,62.98,59.73,unleaded 98,10 ppm,2,0,,,2019-05,2019-04;2019-05
2019-04-01,62.12,92.99,,83.87,84.47,64.94,61.99,unleaded 98,10 ppm,2,0,,,2019-06,2019-05;2019-06
2019-05-01,60.11,90.26,,84.35,84.87,61.69,58.79,unleaded 98,10 ppm,2,0,,,2019-07,2019-06;2019-07
2019-06-01,52.08,78.29,,77.65,76.13,56.94,54.03,unleaded 98,10 ppm,2,0,,,2019-08,2019-07;2019-08
2019-07-01,55.48,82.33,,81.1,78.54,59.18,56.19,unleaded 98,10 ppm,2,0,,,2019-09,2019-08;2019-09
2019-08-01,49.2,77.64,,77.06,75.44,55.69,43.42,unleaded 98,10 ppm,2,0,,,2019-10,2019-09;2019-10
2019-09-01,52.82,77.21,,81.42,79.71,61.57,48.81,unleaded 98,10 ppm,2,0,,,2019-11,2019-10;2019-11
2019-10-01,53.92,76.25,,80.14,78.47,58.86,35.32,unleaded 98,10 ppm,2,0,,,2019-12,2019-11;2019-12
2019-11-01,58.59,78.22,,79.04,78.14,58.57,29.32,unleaded 98,10 ppm,2,0,,,2020-01,2019-12;2020-01
2019-12-01,59.7,77.35,,80.25,80.37,65.03,32.15,unleaded 98,10 ppm,2,0,,,2020-02,2020-01;2020-02
2020-01-01,58.21,76.19,,76.93,76.07,68.08,38.57,unleaded 98,10 ppm,2,0,,,2020-03,2020-02;2020-03
2020-02-01,51.3,69.65,,65.67,66.45,54.82,44.31,unleaded 98,10 ppm,2,6.100000000000001,,,2020-04,2020-03;2020-04
2020-03-01,27.08,40.52,,40.49,46.36,29.98,31.5,unleaded 98,10 ppm,2,0,,,2020-05,2020-04;2020-05
2020-04-01,15.14,27.61,,23.24,33.12,22.25,22.51,unleaded 98,10 ppm,2,0,,,2020-06,2020-05;2020-06
2020-05-01,24.74,37.8,,28.25,34.1,25.95,24.85,unleaded 98,10 ppm,2,0,,,2020-07,2020-06;2020-07
2020-06-01,37.59,49.75,,41.26,44.56,35.88,35.84,unleaded 98,10 ppm,2,0,,,2020-08,2020-07;2020-08
2020-07-01,42.04,54.1,,44.92,49.53,39.08,39.4,unleaded 98,10 ppm,2,0,,,2020-09,2020-08;2020-09
2020-08-01,41.95,53.41,,44.6,49.7,41.17,41.49,unleaded 98,10 ppm,2,0,,,2020-10,2020-09;2020-10
2020-09-01,40.33,51.37,,40.43,43.36,38.21,39.05,unleaded 98,10 ppm,2,0,,,2020-11,2020-10;2020-11
2020-10-01,41.26,50.19,,42.55,44.17,40.57,39.09,unleaded 98,10 ppm,2,0,,,2020-12,2020-11;2020-12
2020-11-01,40.67,49.86,,46.07,47.45,44.46,42.17,unleaded 98,10 ppm,2,0,,,2021-01,2020-12;2021-01
2020-12-01,47.63,55.64,,54.25,55.2,50.02,46.24,unleaded 98,10 ppm,2,0,,,2021-02,2021-01;2021-02
2021-01-01,55.22,63.06,,59.4,60.06,55.52,50.69,unleaded 98,10 ppm,2,0,,,2021-03,2021-02;2021-03
2021-02-01,61.37,70.71,,66.45,67.89,63.42,55.27,unleaded 98,10 ppm,2,0,,,2021-04,2021-03;2021-04
2021-03-01,63.36,76.83,,68.66,69.93,66.22,58.71,unleaded 98,10 ppm,2,0,,,2021-05,2021-04;2021-05
2021-04-01,61.7,79.81,,68.65,69.58,63.84,57.38,unleaded 98,10 ppm,2,0,,,2021-06,2021-05;2021-06
2021-05-01,65.58,83.11,,73.18,74.53,65.03,58.46,unleaded 98,10 ppm,2,0,,,2021-07,2021-06;2021-07
2021-06-01,70.13,86.7,,77.83,79.34,68.84,62.43,unleaded 98,10 ppm,2,0,,,2021-08,2021-07;2021-08
2021-07-01,74.43,91.1,,79.27,80.29,71.11,63.13,unleaded 98,10 ppm,2,0,,,2021-09,2021-08;2021-09
2021-08-01,71.63,90.74,,76.59,77.67,68.47,60.89,unleaded 98,10 ppm,2,0,,,2021-10,2021-09;2021-10
2021-09-01,75.19,93.89,,82.87,84.35,73.93,64.71,unleaded 98,10 ppm,2,0,,,2021-11,2021-10;2021-11
2021-10-01,84.42,103.48,,95.73,96.92,81.72,73.48,unleaded 98,10 ppm,2,0,,,2021-12,2021-11;2021-12
2021-11-01,81.41,100.77,,91.26,92.83,77.65,66.93,unleaded 98,10 ppm,2,0,,,2022-01,2021-12;2022-01
2021-12-01,77.4,90.49,,86.2,86.38,73.64,64.48,unleaded 98,10 ppm,2,0,,,2022-02,2022-01;2022-02
2022-01-01,85.91,102.47,,101.51,101.18,82.97,74.28,unleaded 98,10 ppm,2,0,,,2022-03,2022-02;2022-03
2022-02-01,95.37,114.12,,110.6,112.77,90.83,80.56,unleaded 98,10 ppm,2,0,,,2022-04,2022-03;2022-04
2022-03-01,111.98,134.95,,152.33,156.48,109.7,100.67,unleaded 98,10 ppm,2,0,,,2022-05,2022-04;2022-05
2022-04-01,100.31,133.44,,156.07,151.46,97.6,97.5,unleaded 98,10 ppm,2,0,,,2022-06,2022-05;2022-06
2022-05-01,98.23,166.14,,160.81,152.37,100.66,99.42,unleaded 98,10 ppm,2,0,,,2022-07,2022-06;2022-07
2022-06-01,88.76,188.54,,178.57,179.29,100.23,94.88,unleaded 98,10 ppm,2,0,,,2022-08,2022-07;2022-08
2022-07-01,84.65,158.02,,147.64,153.29,89.26,74.93,unleaded 98,10 ppm,2,0,,,2022-09,2022-08;2022-09
2022-08-01,72.98,137.45,,143.04,143,90.31,78.87,unleaded 98,10 ppm,2,0,,,2022-10,2022-09;2022-10
2022-09-01,69.03,124.73,,135.02,139.42,82.58,66.29,unleaded 98,10 ppm,2,0,,,2022-11,2022-10;2022-11
2022-10-01,74.3,137.02,,139.35,162.9,82.06,60.75,unleaded 98,10 ppm,2,0,,,2022-12,2022-11;2022-12
2022-11-01,73.87,127.89,,132.26,134.93,74.32,61.28,unleaded 98,10 ppm,2,0,,,2023-01,2022-12;2023-01
2022-12-01,65.57,110.33,,121.12,120.72,64.77,56.87,unleaded 98,10 ppm,2,0,,,2023-02,2023-01;2023-02
2023-01-01,76.21,123.2,,129.05,124.9,68.38,60.49,unleaded 98,10 ppm,2,0,,,2023-03,2023-02;2023-03
2023-02-01,79.41,122.15,,112.55,110.03,72.28,62.25,unleaded 98,10 ppm,2,0,,,2023-04,2023-03;2023-04
2023-03-01,74.61,120.69,,103.94,107.12,65.94,62.35,unleaded 98,10 ppm,2,0,,,2023-05,2023-04;2023-05
2023-04-01,74.88,129.47,,100.51,101.11,72.58,72.43,unleaded 98,10 ppm,2,0,,,2023-06,2023-05;2023-06
2023-05-01,64.7,122.85,,91.46,91.64,67.86,66.91,unleaded 98,10 ppm,2,0,,,2023-07,2023-06;2023-07
2023-06-01,60.68,123.91,,94.49,96.47,69.94,71.91,unleaded 98,10 ppm,2,0,,,2023-08,2023-07;2023-08
2023-07-01,63.22,131.12,,106.27,105.39,75.02,75.34,unleaded 98,10 ppm,2,0,,,2023-09,2023-08;2023-09
2023-08-01,70.9,142.6,,124.12,122.68,83.81,86.18,unleaded 98,10 ppm,2,0,,,2023-10,2023-09;2023-10
2023-09-01,77.27,140.69,,131.21,131.91,88.83,90.41,unleaded 98,10 ppm,2,0,,,2023-11,2023-10;2023-11
2023-10-01,71.27,123.01,,123.34,122.44,80.64,81.46,unleaded 98,10 ppm,2,0,,,2023-12,2023-11;2023-12
2023-11-01,69.35,119.33,,116.72,114.99,75.29,74.51,unleaded 98,10 ppm,2,0,,,2024-01,2023-12;2024-01
2023-12-01,70.27,112.5,,107.26,105.62,70.95,69.27,unleaded 98,10 ppm,2,0,,,2024-02,2024-01;2024-02
2024-01-01,70.61,115.51,,110.89,107.6,72.54,67.87,unleaded 98,10 ppm,2,0,,,2024-03,2024-02;2024-03
2024-02-01,73.32,123.05,,114.18,116.23,72.8,70.13,unleaded 98,10 ppm,2,0,,,2024-04,2024-03;2024-04
2024-03-01,78.43,128.49,,109.34,112.12,78.7,72.61,unleaded 98,10 ppm,2,0,,,2024-05,2024-04;2024-05
2024-04-01,76.24,126.39,,108.07,109.15,78.14,75.65,unleaded 98,10 ppm,2,0,,,2024-06,2024-05;2024-06
2024-05-01,73.05,109.74,,102.6,100.68,73.14,73.83,unleaded 98,10 ppm,2,0,,,2024-07,2024-06;2024-07
2024-06-01,73.24,106.13,,102.47,102.03,73.96,75.23,unleaded 98,10 ppm,2,0,,,2024-08,2024-07;2024-08
2024-07-01,75.92,107.6,,103.78,103.06,76.11,77.04,unleaded 98,10 ppm,2,0,,,2024-09,2024-08;2024-09
2024-08-01,72.69,100.5,,96.18,95.52,72.14,70.6,unleaded 98,10 ppm,2,0,,,2024-10,2024-09;2024-10
2024-09-01,68.99,89.47,,88.43,88.41,70.32,64.95,unleaded 98,10 ppm,2,0,,,2024-11,2024-10;2024-11
2024-10-01,71.45,92.92,,91.4,90.86,71.11,75.49,unleaded 98,10 ppm,2,0,,,2024-12,2024-11;2024-12
2024-11-01,68.81,87.07,,90.99,91.43,72.25,71.68,unleaded 98,10 ppm,2,0,,,2025-01,2024-12;2025-01
2024-12-01,67.51,86.75,,88.96,91.32,74.11,70.3,unleaded 98,10 ppm,2,0,,,2025-02,2025-01;2025-02
2025-01-01,71.72,90.81,,95.65,97.22,76.5,71.8,unleaded 98,10 ppm,2,0,,,2025-03,2025-02;2025-03
2025-02-01,72.31,90.38,,94.6,96.14,76.04,71.66,unleaded 98,10 ppm,2,0,,,2025-04,2025-03;2025-04
2025-03-01,67.49,85.96,,89.87,90.19,71.67,69.21,unleaded 98,10 ppm,2,0,,,2025-05,2025-04;2025-05
2025-04-01,60.51,87.19,,85.62,83.56,67.79,65.53,unleaded 98,10 ppm,2,0,,,2025-06,2025-05;2025-06
2025-05-01,60.36,88.06,,83.24,81.79,68.05,65.11,unleaded 98,10 ppm,2,0,,,2025-07,2025-06;2025-07
2025-06-01,61.67,92.1,,91.36,92.12,73.21,68.6,unleaded 98,10 ppm,2,0,,,2025-08,2025-07;2025-08
2025-07-01,61.34,91.71,,94.71,99.26,73.42,68.29,unleaded 98,10 ppm,2,0,,,2025-09,2025-08;2025-09
2025-08-01,61.72,90.71,,89.68,90.23,70.41,64.54,unleaded 98,10 ppm,2,0,,,2025-10,2025-09;2025-10
2025-09-01,62.16,94.78,,92.52,94.58,67.27,61.75,unleaded 98,10 ppm,2,0,,,2025-11,2025-10;2025-11
2025-10-01,58.24,89.18,,91.7,91.34,62.82,62.56,unleaded 98,10 ppm,2,0,,,2025-12,2025-11;2025-12
2025-11-01,58.43,94.61,,97.87,101.03,62.28,58.66,unleaded 98,10 ppm,2,0,,,2026-01,2025-12;2026-01
2025-12-01,55.72,85.46,,89.25,86.25,56.75,53.9,unleaded 98,10 ppm,2,0,,,2026-02,2026-01;2026-02
2026-01-01,57.62,80.23,,92.21,88.17,56.36,56.83,unleaded 98,10 ppm,2,0,,,2026-03,2026-02;2026-03
2026-02-01,62.18,87.66,,98.21,94.62,60.32,62.88,unleaded 98,10 ppm,1,,,,2026-03,2026-03
